,event,trial,time,PID,Exp
0,fullscreenenter,0,10367,vO05i,Exp1
1,fullscreenenter,0,10023,S5iGs,Exp1
2,blur,0,4448,f5fOg,Exp1
3,focus,0,5534,f5fOg,Exp1
4,fullscreenenter,0,12800,f5fOg,Exp1
5,fullscreenenter,0,13118,y9oXF,Exp1
6,blur,1385,2344745,y9oXF,Exp1
7,focus,1387,2348063,y9oXF,Exp1
8,blur,1464,2641889,y9oXF,Exp1
9,focus,1464,2744987,y9oXF,Exp1
10,fullscreenenter,0,10682,7VLy4,Exp1
11,fullscreenenter,0,4528,S5Qxu,Exp1
12,fullscreenenter,0,1612,YzYzg,Exp1
13,fullscreenexit,1780,2346245,YzYzg,Exp1
14,blur,1780,2348207,YzYzg,Exp1
15,fullscreenenter,0,8260,PQp43,Exp1
16,blur,18,59967,PQp43,Exp1
17,focus,18,65616,PQp43,Exp1
18,blur,300,1096260,PQp43,Exp1
19,focus,300,1096261,PQp43,Exp1
20,blur,1773,2744817,PQp43,Exp1
21,focus,1773,2748337,PQp43,Exp1
22,blur,0,17282,emDOP,Exp1
23,focus,0,19096,emDOP,Exp1
24,fullscreenenter,0,20949,emDOP,Exp1
25,fullscreenenter,0,4268,mSSwt,Exp1
26,fullscreenexit,570,975440,mSSwt,Exp1
27,blur,598,1009631,mSSwt,Exp1
28,focus,598,1041845,mSSwt,Exp1
29,blur,607,1053272,mSSwt,Exp1
30,focus,608,1054608,mSSwt,Exp1
31,blur,684,1161348,mSSwt,Exp1
32,focus,684,1163414,mSSwt,Exp1
33,blur,695,1185382,mSSwt,Exp1
34,focus,695,1190899,mSSwt,Exp1
35,blur,695,1192696,mSSwt,Exp1
36,focus,695,1196135,mSSwt,Exp1
37,blur,695,1197100,mSSwt,Exp1
38,focus,695,1200422,mSSwt,Exp1
39,blur,1084,1549741,mSSwt,Exp1
40,focus,1084,1574014,mSSwt,Exp1
41,blur,1615,2058694,mSSwt,Exp1
42,focus,1615,2071934,mSSwt,Exp1
43,blur,1615,2072596,mSSwt,Exp1
44,focus,1615,2147040,mSSwt,Exp1
45,blur,1667,2254689,mSSwt,Exp1
46,focus,1667,2259967,mSSwt,Exp1
47,blur,1678,2276957,mSSwt,Exp1
48,focus,1679,2278403,mSSwt,Exp1
49,blur,1682,2283761,mSSwt,Exp1
50,focus,1683,2320509,mSSwt,Exp1
51,blur,1734,2388029,mSSwt,Exp1
52,focus,1735,2390820,mSSwt,Exp1
53,blur,1746,2405458,mSSwt,Exp1
54,focus,1747,2408726,mSSwt,Exp1
55,blur,1791,2506773,mSSwt,Exp1
56,focus,1791,2507764,mSSwt,Exp1
57,blur,1791,2509433,mSSwt,Exp1
58,focus,1791,2515558,mSSwt,Exp1
59,fullscreenenter,0,12728,RLJAU,Exp1
60,fullscreenenter,0,13031,RA5gZ,Exp1
62,blur,0,0,oLNv5,Exp1
63,focus,0,0,oLNv5,Exp1
64,fullscreenenter,0,5521,oLNv5,Exp1
65,fullscreenenter,0,20870,O9fcD,Exp1
66,blur,0,7639,tRVDq,Exp1
67,focus,0,10641,tRVDq,Exp1
68,fullscreenenter,0,10743,tRVDq,Exp1
69,blur,0,0,GZBpC,Exp1
70,focus,0,4398,GZBpC,Exp1
71,fullscreenenter,0,6643,GZBpC,Exp1
72,blur,23,148115,GZBpC,Exp1
73,focus,23,148903,GZBpC,Exp1
74,blur,65,407172,GZBpC,Exp1
75,focus,65,412642,GZBpC,Exp1
76,blur,100,690552,GZBpC,Exp1
77,focus,100,691224,GZBpC,Exp1
78,blur,130,1373685,GZBpC,Exp1
79,focus,130,1374303,GZBpC,Exp1
80,blur,307,2648904,GZBpC,Exp1
81,focus,307,2648917,GZBpC,Exp1
82,blur,1813,5082060,GZBpC,Exp1
83,focus,1813,5082070,GZBpC,Exp1
84,blur,1813,5082390,GZBpC,Exp1
85,focus,1813,5135047,GZBpC,Exp1
86,fullscreenenter,0,24220,THSiI,Exp1
87,blur,0,0,qLKyB,Exp1
88,focus,0,5583,qLKyB,Exp1
89,fullscreenenter,0,15250,qLKyB,Exp1
90,blur,3,37045,qLKyB,Exp1
91,focus,3,60005,qLKyB,Exp1
92,blur,3,62112,qLKyB,Exp1
93,focus,3,65434,qLKyB,Exp1
94,blur,3,66854,qLKyB,Exp1
95,focus,3,110327,qLKyB,Exp1
96,blur,64,279127,qLKyB,Exp1
97,focus,64,303213,qLKyB,Exp1
98,blur,1272,2451403,qLKyB,Exp1
99,focus,1272,2453374,qLKyB,Exp1
100,blur,1465,2761039,qLKyB,Exp1
101,focus,1465,2835063,qLKyB,Exp1
102,blur,0,0,i5bPU,Exp1
103,focus,0,0,i5bPU,Exp1
104,blur,0,0,i5bPU,Exp1
105,focus,0,1246,i5bPU,Exp1
106,blur,0,2505,i5bPU,Exp1
107,focus,0,3908,i5bPU,Exp1
108,fullscreenenter,0,5799,i5bPU,Exp1
109,blur,1,6910,i5bPU,Exp1
110,focus,1,8261,i5bPU,Exp1
111,blur,7,38646,i5bPU,Exp1
112,focus,7,41566,i5bPU,Exp1
113,blur,10,48742,i5bPU,Exp1
114,focus,10,49793,i5bPU,Exp1
115,blur,10,50038,i5bPU,Exp1
116,focus,10,1440867,i5bPU,Exp1
117,blur,10,1444094,i5bPU,Exp1
118,focus,10,1448366,i5bPU,Exp1
119,blur,20,1472524,i5bPU,Exp1
120,focus,20,1474454,i5bPU,Exp1
121,blur,47,1546276,i5bPU,Exp1
122,fullscreenexit,47,1555980,i5bPU,Exp1
123,focus,47,1571902,i5bPU,Exp1
124,blur,47,1572530,i5bPU,Exp1
125,focus,47,1578492,i5bPU,Exp1
126,blur,230,1973739,i5bPU,Exp1
127,focus,230,1980706,i5bPU,Exp1
128,blur,623,2488059,i5bPU,Exp1
129,focus,624,2489209,i5bPU,Exp1
130,blur,626,2491931,i5bPU,Exp1
131,focus,627,2494403,i5bPU,Exp1
132,blur,1170,3104882,i5bPU,Exp1
133,focus,1171,3106322,i5bPU,Exp1
134,blur,1631,3472587,i5bPU,Exp1
135,focus,1631,3474626,i5bPU,Exp1
136,blur,1801,3754154,i5bPU,Exp1
137,focus,1801,3757644,i5bPU,Exp1
138,blur,1801,3757770,i5bPU,Exp1
139,focus,1801,3760044,i5bPU,Exp1
140,blur,1801,3760170,i5bPU,Exp1
141,focus,1801,3764618,i5bPU,Exp1
142,fullscreenenter,0,7234,LyYsn,Exp1
143,blur,0,98963,RI0IK,Exp1
144,focus,0,265222,RI0IK,Exp1
145,fullscreenenter,0,266620,RI0IK,Exp1
146,fullscreenexit,1,269572,RI0IK,Exp1
147,blur,62,823184,RI0IK,Exp1
148,focus,62,1358045,RI0IK,Exp1
149,blur,105,1706679,RI0IK,Exp1
150,focus,105,1995267,RI0IK,Exp1
151,blur,123,2078503,RI0IK,Exp1
152,focus,123,2177546,RI0IK,Exp1
153,blur,230,2431278,RI0IK,Exp1
154,focus,230,2472979,RI0IK,Exp1
155,blur,257,2661146,RI0IK,Exp1
156,focus,257,3282193,RI0IK,Exp1
157,blur,1088,4955036,RI0IK,Exp1
158,focus,1088,4957191,RI0IK,Exp1
159,blur,1760,5699777,RI0IK,Exp1
160,focus,1760,5701993,RI0IK,Exp1
161,blur,1778,5833107,RI0IK,Exp1
162,focus,1778,5836901,RI0IK,Exp1
163,blur,1778,5843999,RI0IK,Exp1
164,focus,1778,5875137,RI0IK,Exp1
165,fullscreenenter,0,2183,owq3i,Exp1
166,fullscreenenter,0,2621,kBP4U,Exp1
167,fullscreenexit,1783,2366352,kBP4U,Exp1
168,blur,0,10538,gZWBF,Exp1
169,focus,0,13399,gZWBF,Exp1
170,fullscreenenter,0,14394,gZWBF,Exp1
171,focus,0,0,FZkQM,Exp1
172,fullscreenenter,0,4252,FZkQM,Exp1
173,fullscreenenter,0,10030,1K9Un,Exp1
174,fullscreenenter,0,17558,5T3lU,Exp1
175,blur,64,754401,5T3lU,Exp1
176,focus,64,754466,5T3lU,Exp1
177,fullscreenenter,0,11236,BtztR,Exp1
224,fullscreenenter,0,17876,CEo6A,Exp1
225,fullscreenenter,0,11059,rSjSE,Exp1
226,blur,66,491196,rSjSE,Exp1
227,focus,66,495819,rSjSE,Exp1
228,blur,0,0,SvCvL,Exp1
229,focus,0,0,SvCvL,Exp1
230,blur,0,0,SvCvL,Exp1
231,focus,0,0,SvCvL,Exp1
232,blur,0,0,SvCvL,Exp1
233,focus,0,0,SvCvL,Exp1
234,fullscreenenter,0,12666,SvCvL,Exp1
235,fullscreenexit,1777,2876107,SvCvL,Exp1
236,blur,1777,2877162,SvCvL,Exp1
237,fullscreenenter,0,20257,3GXsH,Exp1
238,focus,0,0,Yupqr,Exp1
239,fullscreenexit,0,14613,Yupqr,Exp1
240,fullscreenenter,0,236904,sdNUx,Exp1
241,blur,0,14212,D5Gvd,Exp1
242,focus,0,19931,D5Gvd,Exp1
243,fullscreenenter,0,23417,D5Gvd,Exp1
244,fullscreenenter,0,3624,bcrdM,Exp1
245,blur,1,4686,bcrdM,Exp1
246,focus,1,4818,bcrdM,Exp1
247,blur,47,150580,bcrdM,Exp1
248,focus,47,153999,bcrdM,Exp1
249,blur,48,157097,bcrdM,Exp1
250,focus,48,208535,bcrdM,Exp1
251,blur,0,0,ONNQt,Exp1
252,focus,0,460,ONNQt,Exp1
253,fullscreenenter,0,9722,ONNQt,Exp1
260,fullscreenenter,0,11157,3sSYQ,Exp1
261,focus,0,0,wB5tO,Exp1
262,fullscreenexit,0,9545,wB5tO,Exp1
304,fullscreenenter,0,12349,Zsjsu,Exp1
305,blur,0,0,kQ2VE,Exp1
306,focus,0,0,kQ2VE,Exp1
307,fullscreenenter,0,19428,kQ2VE,Exp1
308,fullscreenexit,1770,4674015,kQ2VE,Exp1
309,blur,1770,4680047,kQ2VE,Exp1
310,focus,1770,4824396,kQ2VE,Exp1
313,fullscreenenter,0,1822,B73tH,Exp1
314,blur,23,110697,B73tH,Exp1
315,focus,23,126339,B73tH,Exp1
316,blur,1621,1996090,B73tH,Exp1
317,focus,1621,2025848,B73tH,Exp1
318,focus,0,0,HDz8l,Exp1
319,fullscreenexit,0,8246,HDz8l,Exp1
320,fullscreenenter,0,5371,BxrGU,Exp1
321,fullscreenenter,0,11741,ulTdM,Exp1
322,fullscreenenter,0,9483,nowk8,Exp1
323,fullscreenenter,0,5773,vnGG5,Exp1
324,blur,254,816454,vnGG5,Exp1
325,focus,257,831878,vnGG5,Exp1
326,blur,399,1206581,vnGG5,Exp1
327,focus,399,1241452,vnGG5,Exp1
328,blur,0,0,EOSAa,Exp1
329,focus,0,5240,EOSAa,Exp1
330,fullscreenenter,0,5339,EOSAa,Exp1
331,fullscreenexit,1769,2731287,EOSAa,Exp1
332,blur,1769,2733681,EOSAa,Exp1
333,fullscreenenter,0,5809,LMwH9,Exp1
334,blur,354,959739,LMwH9,Exp1
335,focus,355,968986,LMwH9,Exp1
336,fullscreenenter,0,14457,POLFT,Exp1
337,focus,0,0,fiT6h,Exp1
338,fullscreenexit,0,15877,fiT6h,Exp1
339,blur,1,26041,fiT6h,Exp1
340,focus,1,29718,fiT6h,Exp1
341,blur,1,30782,fiT6h,Exp1
342,focus,1,31030,fiT6h,Exp1
343,blur,1,39409,fiT6h,Exp1
344,focus,1,40113,fiT6h,Exp1
345,blur,1,52080,fiT6h,Exp1
346,focus,1,53518,fiT6h,Exp1
347,fullscreenexit,1766,2524342,fiT6h,Exp1
348,blur,1766,2532492,fiT6h,Exp1
349,focus,1766,2541908,fiT6h,Exp1
350,fullscreenenter,0,11949,omJ0h,Exp1
351,fullscreenexit,253,813603,omJ0h,Exp1
352,blur,253,815345,omJ0h,Exp1
353,focus,253,818665,omJ0h,Exp1
354,blur,1080,1868346,omJ0h,Exp1
355,focus,1080,1869982,omJ0h,Exp1
356,blur,1080,1871300,omJ0h,Exp1
357,focus,1080,1906967,omJ0h,Exp1
358,blur,1273,2102806,omJ0h,Exp1
359,focus,1273,2130833,omJ0h,Exp1
360,blur,1466,2342271,omJ0h,Exp1
361,focus,1466,3387110,omJ0h,Exp1
362,blur,1549,3530676,omJ0h,Exp1
363,focus,1549,3534066,omJ0h,Exp1
364,blur,1611,3644911,omJ0h,Exp1
365,focus,1611,3646251,omJ0h,Exp1
366,blur,1713,3838957,omJ0h,Exp1
367,focus,1713,3846259,omJ0h,Exp1
368,blur,1783,3986789,omJ0h,Exp1
369,focus,1783,3988349,omJ0h,Exp1
370,blur,1787,4108089,omJ0h,Exp1
371,focus,1787,4136230,omJ0h,Exp1
372,fullscreenenter,0,16102,g3juW,Exp1
373,blur,120,450368,g3juW,Exp1
374,focus,120,462319,g3juW,Exp1
375,blur,602,1563405,g3juW,Exp1
376,focus,602,1571535,g3juW,Exp1
377,blur,701,1701231,g3juW,Exp1
378,focus,702,1801431,g3juW,Exp1
379,blur,710,1840623,g3juW,Exp1
380,focus,710,1857793,g3juW,Exp1
381,blur,1735,2903874,g3juW,Exp1
382,focus,1735,2908400,g3juW,Exp1
383,blur,1739,2913187,g3juW,Exp1
384,focus,1739,2916497,g3juW,Exp1
385,blur,1747,2924330,g3juW,Exp1
386,focus,1747,2925515,g3juW,Exp1
387,fullscreenenter,0,10562,xk1vo,Exp1
388,fullscreenenter,0,13968,hfziq,Exp1
389,fullscreenenter,0,9407,HSqqB,Exp1
390,fullscreenenter,0,1126,wN9wt,Exp1
391,blur,12,31489,wN9wt,Exp1
392,focus,12,40959,wN9wt,Exp1
393,blur,20,55933,wN9wt,Exp1
394,focus,20,65020,wN9wt,Exp1
395,blur,57,138356,wN9wt,Exp1
396,focus,57,142947,wN9wt,Exp1
397,blur,64,203523,wN9wt,Exp1
398,focus,64,208965,wN9wt,Exp1
399,blur,64,209592,wN9wt,Exp1
400,focus,64,209889,wN9wt,Exp1
401,blur,64,211086,wN9wt,Exp1
402,focus,64,214394,wN9wt,Exp1
403,blur,163,404049,wN9wt,Exp1
404,focus,163,404253,wN9wt,Exp1
405,blur,510,844255,wN9wt,Exp1
406,focus,511,845224,wN9wt,Exp1
407,blur,513,847297,wN9wt,Exp1
408,focus,515,850672,wN9wt,Exp1
409,blur,606,960165,wN9wt,Exp1
410,focus,606,961064,wN9wt,Exp1
411,blur,641,1009742,wN9wt,Exp1
412,focus,642,1010231,wN9wt,Exp1
413,blur,644,1013278,wN9wt,Exp1
414,focus,645,1014131,wN9wt,Exp1
415,blur,1072,1409333,wN9wt,Exp1
416,focus,1073,1410295,wN9wt,Exp1
417,blur,1435,1693563,wN9wt,Exp1
418,focus,1438,1699783,wN9wt,Exp1
419,blur,0,12782,7wXtW,Exp1
420,focus,0,15141,7wXtW,Exp1
421,fullscreenenter,0,16772,7wXtW,Exp1
422,blur,0,12620,AtJvf,Exp1
423,focus,0,21887,AtJvf,Exp1
424,fullscreenenter,0,24288,AtJvf,Exp1
425,fullscreenenter,0,4885,uYHPS,Exp1
426,blur,0,1865,BYbTS,Exp1
427,focus,0,3392,BYbTS,Exp1
428,fullscreenenter,0,12084,BYbTS,Exp1
429,blur,0,0,yLuce,Exp1
430,focus,0,417,yLuce,Exp1
431,fullscreenenter,0,20844,yLuce,Exp1
432,fullscreenenter,0,5604,vRey9,Exp1
433,blur,0,2865,vGcoO,Exp1
434,focus,0,4228,vGcoO,Exp1
435,fullscreenenter,0,6895,vGcoO,Exp1
436,blur,1780,2672514,vGcoO,Exp1
437,focus,1780,2677301,vGcoO,Exp1
438,fullscreenenter,0,12069,y1DzQ,Exp1
439,fullscreenenter,0,17761,YBmNX,Exp1
440,fullscreenenter,0,14232,upb0V,Exp1
441,fullscreenexit,1777,3026011,upb0V,Exp1
442,fullscreenenter,0,9710,rm7zR,Exp1
443,blur,0,12692,NN6WW,Exp1
444,focus,0,12830,NN6WW,Exp1
445,blur,0,15675,NN6WW,Exp1
446,focus,0,22405,NN6WW,Exp1
447,fullscreenenter,0,28334,NN6WW,Exp1
448,blur,184,859323,NN6WW,Exp1
449,focus,184,866771,NN6WW,Exp1
450,blur,692,1859953,NN6WW,Exp1
451,focus,692,1887992,NN6WW,Exp1
452,fullscreenexit,1236,2434870,NN6WW,Exp1
453,blur,1467,2775252,NN6WW,Exp1
454,focus,1467,2788059,NN6WW,Exp1
455,blur,1773,3272096,NN6WW,Exp1
456,fullscreenenter,0,140192,QS6kW,Exp1
457,blur,0,2831,x4Vzv,Exp1
458,focus,0,10804,x4Vzv,Exp1
459,fullscreenenter,0,17278,x4Vzv,Exp1
460,fullscreenenter,0,10635,p9okw,Exp1
461,blur,19,145397,p9okw,Exp1
462,focus,19,146729,p9okw,Exp1
463,blur,64,745280,p9okw,Exp1
464,focus,64,745943,p9okw,Exp1
465,blur,194,1945291,p9okw,Exp1
466,focus,194,1945847,p9okw,Exp1
467,blur,504,2545380,p9okw,Exp1
468,focus,505,2546241,p9okw,Exp1
469,blur,906,3145359,p9okw,Exp1
470,focus,907,3146086,p9okw,Exp1
471,blur,1574,3745362,p9okw,Exp1
472,focus,1575,3746038,p9okw,Exp1
473,fullscreenenter,0,17789,vwCTr,Exp1
474,blur,0,16388,EREcK,Exp1
475,focus,0,53191,EREcK,Exp1
476,fullscreenenter,0,57071,EREcK,Exp1
477,fullscreenenter,0,11000,9s8ph,Exp1
478,fullscreenenter,0,22735,j1Pwg,Exp1
482,fullscreenenter,0,14877,FZLzn,Exp1
483,blur,173,1007884,FZLzn,Exp1
484,focus,173,1009101,FZLzn,Exp1
485,blur,173,1011598,FZLzn,Exp1
486,focus,173,1011688,FZLzn,Exp1
487,fullscreenenter,0,16008,tlmFP,Exp1
488,fullscreenexit,1769,4318760,tlmFP,Exp1
489,blur,1769,4321778,tlmFP,Exp1
490,focus,1769,4364620,tlmFP,Exp1
491,fullscreenenter,0,6106,bZl8p,Exp1
492,fullscreenenter,0,5252,Zmm8Y,Exp1
493,blur,1765,2357030,Zmm8Y,Exp1
494,fullscreenenter,0,20016,xoZVj,Exp1
495,blur,148,1220736,xoZVj,Exp1
496,focus,148,1220746,xoZVj,Exp1
497,fullscreenenter,0,12661,kH0IJ,Exp1
498,blur,0,0,0oQxG,Exp1
499,focus,0,0,0oQxG,Exp1
500,fullscreenenter,0,4875,0oQxG,Exp1
501,fullscreenexit,9,71156,0oQxG,Exp1
502,blur,9,75837,0oQxG,Exp1
503,focus,9,78476,0oQxG,Exp1
504,blur,9,78856,0oQxG,Exp1
505,focus,9,83775,0oQxG,Exp1
506,blur,9,91349,0oQxG,Exp1
507,focus,9,93207,0oQxG,Exp1
508,blur,9,93475,0oQxG,Exp1
509,focus,9,139953,0oQxG,Exp1
510,blur,9,144118,0oQxG,Exp1
511,focus,9,154625,0oQxG,Exp1
512,blur,0,70,OH09Y,Exp1
513,focus,0,1002,OH09Y,Exp1
514,fullscreenenter,0,2140,OH09Y,Exp1
515,blur,53,158082,OH09Y,Exp1
516,focus,53,160685,OH09Y,Exp1
517,blur,237,768495,OH09Y,Exp1
518,focus,237,780428,OH09Y,Exp1
519,blur,402,1242431,OH09Y,Exp1
520,focus,402,1253228,OH09Y,Exp1
521,blur,1087,2156575,OH09Y,Exp1
522,focus,1087,2157890,OH09Y,Exp1
523,blur,1646,2783605,OH09Y,Exp1
524,focus,1646,2785469,OH09Y,Exp1
525,fullscreenenter,0,7981,iLJVn,Exp1
526,fullscreenenter,0,10575,IvQ2m,Exp1
527,fullscreenenter,0,4485,3JUCD,Exp1
528,fullscreenenter,0,10152,slorv,Exp1
529,fullscreenenter,0,18822,8MbrX,Exp1
530,fullscreenenter,0,15946,EaSUf,Exp1
531,blur,0,0,HAZhR,Exp1
532,focus,0,1575,HAZhR,Exp1
533,fullscreenenter,0,22567,HAZhR,Exp1
534,fullscreenenter,0,6559,8yogf,Exp1
535,fullscreenenter,0,6677,1uZUx,Exp1
536,fullscreenenter,0,4969,GkoqR,Exp1
537,blur,76,396125,GkoqR,Exp1
538,focus,76,396222,GkoqR,Exp1
539,blur,502,2079587,GkoqR,Exp1
540,focus,502,2140841,GkoqR,Exp1
541,blur,697,2372888,GkoqR,Exp1
542,focus,697,2449281,GkoqR,Exp1
543,blur,1687,3611200,GkoqR,Exp1
544,focus,1687,3612652,GkoqR,Exp1
545,blur,1687,3615741,GkoqR,Exp1
546,focus,1687,3639423,GkoqR,Exp1
547,blur,1735,3714082,GkoqR,Exp1
548,focus,1735,3817347,GkoqR,Exp1
549,fullscreenenter,0,3203,lglAE,Exp1
551,fullscreenenter,0,13410,fHLbG,Exp1
552,focus,0,0,hHfPx,Exp1
553,fullscreenexit,0,8219,hHfPx,Exp1
554,blur,1786,2976325,hHfPx,Exp1
555,fullscreenenter,0,11426,ny1bP,Exp1
568,blur,0,0,mKuBv,Exp1
569,focus,0,0,mKuBv,Exp1
570,fullscreenenter,0,25330,mKuBv,Exp1
571,fullscreenenter,0,8991,YDhLg,Exp1
572,focus,0,0,knUZq,Exp1
573,fullscreenexit,0,10628,knUZq,Exp1
574,fullscreenexit,1763,2785935,knUZq,Exp1
575,blur,1763,2788560,knUZq,Exp1
576,focus,1763,2802385,knUZq,Exp1
577,fullscreenenter,0,15642,IzU0D,Exp1
578,fullscreenenter,0,85949,0Psde,Exp1
579,blur,1,115583,0Psde,Exp1
580,focus,1,116821,0Psde,Exp1
581,blur,3,134447,0Psde,Exp1
582,focus,3,135547,0Psde,Exp1
583,blur,64,418359,0Psde,Exp1
584,focus,64,422403,0Psde,Exp1
585,blur,64,422403,0Psde,Exp1
586,focus,64,422428,0Psde,Exp1
587,blur,64,422432,0Psde,Exp1
588,focus,64,429472,0Psde,Exp1
589,fullscreenexit,71,503693,0Psde,Exp1
590,blur,1772,3762929,0Psde,Exp1
591,focus,1772,3776249,0Psde,Exp1
592,fullscreenenter,0,9081,fUhQd,Exp1
593,fullscreenexit,1781,4312721,fUhQd,Exp1
594,blur,1781,4317371,fUhQd,Exp1
595,focus,1781,4329792,fUhQd,Exp1
596,blur,0,0,9pREq,Exp1
597,focus,0,389,9pREq,Exp1
598,blur,0,1809,9pREq,Exp1
599,focus,0,4443,9pREq,Exp1
600,blur,0,5209,9pREq,Exp1
601,focus,0,7949,9pREq,Exp1
602,fullscreenenter,0,17449,9pREq,Exp1
603,blur,1772,3122471,9pREq,Exp1
604,focus,1772,3124005,9pREq,Exp1
605,blur,0,0,z9eri,Exp1
606,focus,0,0,z9eri,Exp1
607,blur,0,0,z9eri,Exp1
608,focus,0,0,z9eri,Exp1
609,blur,0,107792,z9eri,Exp1
610,focus,0,110713,z9eri,Exp1
611,blur,0,120027,z9eri,Exp1
612,focus,0,122526,z9eri,Exp1
613,blur,0,123830,z9eri,Exp1
614,focus,0,125627,z9eri,Exp1
615,blur,0,126014,z9eri,Exp1
616,focus,0,129781,z9eri,Exp1
617,blur,0,130912,z9eri,Exp1
618,focus,0,134746,z9eri,Exp1
619,fullscreenenter,0,136420,z9eri,Exp1
620,fullscreenenter,0,4738,Jq873,Exp1
621,fullscreenexit,6,50039,Jq873,Exp1
622,blur,12,78482,Jq873,Exp1
623,focus,12,107197,Jq873,Exp1
624,blur,22,144723,Jq873,Exp1
625,focus,22,162833,Jq873,Exp1
626,blur,29,188558,Jq873,Exp1
627,focus,29,253180,Jq873,Exp1
628,blur,39,290322,Jq873,Exp1
629,focus,39,324111,Jq873,Exp1
630,blur,39,325037,Jq873,Exp1
631,focus,39,416638,Jq873,Exp1
632,blur,54,471598,Jq873,Exp1
633,focus,54,507919,Jq873,Exp1
634,blur,64,543808,Jq873,Exp1
635,focus,64,588279,Jq873,Exp1
636,blur,396,1619499,Jq873,Exp1
637,focus,396,1636899,Jq873,Exp1
638,blur,396,1650725,Jq873,Exp1
639,focus,396,1773517,Jq873,Exp1
640,blur,519,1984665,Jq873,Exp1
641,focus,520,1987978,Jq873,Exp1
642,blur,521,1990220,Jq873,Exp1
643,focus,523,2024251,Jq873,Exp1
644,blur,526,2036622,Jq873,Exp1
645,focus,526,2044467,Jq873,Exp1
646,blur,1466,2953804,Jq873,Exp1
647,focus,1466,2957113,Jq873,Exp1
648,blur,1585,3154174,Jq873,Exp1
649,focus,1585,3167249,Jq873,Exp1
650,blur,1769,3630480,Jq873,Exp1
651,focus,1769,3643339,Jq873,Exp1
652,blur,1770,3669102,Jq873,Exp1
653,blur,0,28722,z1yiq,Exp1
654,focus,0,30704,z1yiq,Exp1
655,fullscreenenter,0,30822,z1yiq,Exp1
656,fullscreenenter,0,8558,RqzW1,Exp1
657,blur,0,1464,VZ0MJ,Exp1
658,focus,0,8027,VZ0MJ,Exp1
659,fullscreenenter,0,8123,VZ0MJ,Exp1
660,fullscreenexit,64,144258,VZ0MJ,Exp1
661,blur,64,146867,VZ0MJ,Exp1
662,focus,64,152992,VZ0MJ,Exp1
663,blur,64,164750,VZ0MJ,Exp1
664,focus,64,207893,VZ0MJ,Exp1
665,blur,124,389224,VZ0MJ,Exp1
666,focus,124,393386,VZ0MJ,Exp1
667,blur,396,933417,VZ0MJ,Exp1
668,focus,396,939096,VZ0MJ,Exp1
669,blur,396,942392,VZ0MJ,Exp1
670,focus,396,942956,VZ0MJ,Exp1
671,blur,396,950217,VZ0MJ,Exp1
672,focus,396,953087,VZ0MJ,Exp1
673,blur,690,1316848,VZ0MJ,Exp1
674,focus,690,1319384,VZ0MJ,Exp1
675,blur,1774,2364662,VZ0MJ,Exp1
676,focus,1774,2365847,VZ0MJ,Exp1
677,blur,0,0,Zvw9M,Exp1
678,focus,0,265,Zvw9M,Exp1
679,fullscreenenter,0,6105,Zvw9M,Exp1
680,fullscreenexit,1,8293,Zvw9M,Exp1
681,blur,313,828564,Zvw9M,Exp1
682,focus,313,831378,Zvw9M,Exp1
683,focus,313,831379,Zvw9M,Exp1
684,fullscreenenter,0,25407,vZYj1,Exp1
685,fullscreenenter,0,33592,2vThP,Exp1
686,blur,1777,3355379,2vThP,Exp1
687,focus,1777,3360892,2vThP,Exp1
688,fullscreenenter,0,8387,FoB8M,Exp1
689,blur,0,0,PT4di,Exp1
690,focus,0,235,PT4di,Exp1
691,fullscreenenter,0,8602,PT4di,Exp1
692,blur,0,0,5CXOL,Exp1
693,focus,0,0,5CXOL,Exp1
694,fullscreenenter,0,9264,5CXOL,Exp1
695,fullscreenenter,0,15936,5ZBHb,Exp1
696,focus,0,0,WG1Nc,Exp1
697,blur,0,0,WG1Nc,Exp1
698,focus,0,4216,WG1Nc,Exp1
699,blur,0,15467,WG1Nc,Exp1
700,focus,0,20994,WG1Nc,Exp1
701,blur,0,22321,WG1Nc,Exp1
702,focus,0,27301,WG1Nc,Exp1
703,fullscreenexit,0,105638,WG1Nc,Exp1
704,blur,1,110869,WG1Nc,Exp1
705,focus,1,111753,WG1Nc,Exp1
706,blur,63,260881,WG1Nc,Exp1
707,focus,63,262012,WG1Nc,Exp1
708,blur,64,282879,WG1Nc,Exp1
709,focus,64,299884,WG1Nc,Exp1
710,blur,64,311648,WG1Nc,Exp1
711,focus,64,315784,WG1Nc,Exp1
712,blur,347,913365,WG1Nc,Exp1
713,focus,347,921848,WG1Nc,Exp1
714,blur,586,1229191,WG1Nc,Exp1
715,focus,587,1230072,WG1Nc,Exp1
716,blur,887,1561210,WG1Nc,Exp1
717,focus,887,1568684,WG1Nc,Exp1
718,blur,1102,1766479,WG1Nc,Exp1
719,focus,1103,1767347,WG1Nc,Exp1
720,blur,1178,1830512,WG1Nc,Exp1
721,focus,1178,1831222,WG1Nc,Exp1
722,blur,1428,2039308,WG1Nc,Exp1
723,focus,1428,2040146,WG1Nc,Exp1
724,blur,1605,2251734,WG1Nc,Exp1
725,focus,1605,2255828,WG1Nc,Exp1
726,blur,1610,2324045,WG1Nc,Exp1
727,focus,1610,2330054,WG1Nc,Exp1
728,blur,1744,2495230,WG1Nc,Exp1
729,focus,1744,2499631,WG1Nc,Exp1
730,blur,1771,2535038,WG1Nc,Exp1
731,focus,1771,2555134,WG1Nc,Exp1
732,blur,1784,2673765,WG1Nc,Exp1
733,focus,1784,2678849,WG1Nc,Exp1
734,fullscreenenter,0,3382,wpDxu,Exp1
735,blur,0,0,i7f2f,Exp1
736,focus,0,1698,i7f2f,Exp1
737,blur,0,3290,i7f2f,Exp1
738,focus,0,9129,i7f2f,Exp1
739,fullscreenenter,0,24185,i7f2f,Exp1
740,fullscreenenter,0,15845,9rEpX,Exp1
741,fullscreenexit,1787,2901400,9rEpX,Exp1
742,fullscreenenter,0,9605,dkXZA,Exp1
743,fullscreenenter,0,11846,VXK7z,Exp1
744,blur,64,238087,VXK7z,Exp1
745,focus,64,241437,VXK7z,Exp1
746,blur,64,247673,VXK7z,Exp1
747,focus,64,249779,VXK7z,Exp1
748,blur,65,292246,VXK7z,Exp1
749,focus,65,297874,VXK7z,Exp1
750,blur,65,302809,VXK7z,Exp1
751,focus,65,313177,VXK7z,Exp1
752,blur,396,1520993,VXK7z,Exp1
753,focus,396,1538819,VXK7z,Exp1
754,blur,396,1544773,VXK7z,Exp1
755,focus,396,1570752,VXK7z,Exp1
756,blur,1464,2708627,VXK7z,Exp1
757,focus,1464,2740739,VXK7z,Exp1
758,blur,1603,2905803,VXK7z,Exp1
759,focus,1603,2921670,VXK7z,Exp1
760,fullscreenenter,0,12926,VjIYt,Exp1
761,fullscreenenter,0,9620,J0kIP,Exp1
762,fullscreenexit,1,10778,J0kIP,Exp1
763,blur,1789,2531774,J0kIP,Exp1
764,focus,1789,2537640,J0kIP,Exp1
766,fullscreenenter,0,2315,OTcep,Exp1
767,blur,295,1214969,OTcep,Exp1
768,focus,295,1215151,OTcep,Exp1
769,blur,1341,2395633,OTcep,Exp1
770,focus,1341,2395640,OTcep,Exp1
771,fullscreenexit,1788,3160522,OTcep,Exp1
772,blur,1788,3166495,OTcep,Exp1
773,focus,1788,3177128,OTcep,Exp1
774,fullscreenenter,0,24131,R6nO9,Exp1
775,blur,35,352745,R6nO9,Exp1
776,focus,35,366565,R6nO9,Exp1
777,blur,172,2152664,R6nO9,Exp1
778,focus,172,2156156,R6nO9,Exp1
779,blur,332,3952584,R6nO9,Exp1
780,focus,332,3954780,R6nO9,Exp1
781,blur,1147,5752586,R6nO9,Exp1
782,focus,1149,5756663,R6nO9,Exp1
783,fullscreenenter,0,9924,lY08i,Exp1
784,fullscreenenter,0,10339,DmpGI,Exp1
785,fullscreenenter,0,7862,swBiE,Exp1
786,blur,103,285792,swBiE,Exp1
787,focus,103,285793,swBiE,Exp1
788,fullscreenenter,0,8804,CRYbd,Exp1
789,fullscreenenter,0,9300,zIyw2,Exp1
790,blur,89,418106,zIyw2,Exp1
791,focus,89,451616,zIyw2,Exp1
792,blur,150,783320,zIyw2,Exp1
793,focus,150,794310,zIyw2,Exp1
794,blur,274,1172690,zIyw2,Exp1
795,focus,274,1180054,zIyw2,Exp1
796,blur,274,1180737,zIyw2,Exp1
797,focus,274,1191170,zIyw2,Exp1
798,blur,1385,2607150,zIyw2,Exp1
799,focus,1433,2687331,zIyw2,Exp1
800,blur,1447,2698421,zIyw2,Exp1
801,focus,1461,2722115,zIyw2,Exp1
802,blur,1477,2734126,zIyw2,Exp1
803,focus,1477,2785050,zIyw2,Exp1
804,blur,1477,2792262,zIyw2,Exp1
805,focus,1477,2837301,zIyw2,Exp1
806,blur,1742,3251123,zIyw2,Exp1
807,focus,1742,3265583,zIyw2,Exp1
808,blur,1742,3266209,zIyw2,Exp1
809,focus,1742,3307849,zIyw2,Exp1
810,blur,1784,3528242,zIyw2,Exp1
811,focus,1784,3622023,zIyw2,Exp1
812,blur,1786,3682212,zIyw2,Exp1
813,focus,1786,3684182,zIyw2,Exp1
814,blur,0,7562,kucEN,Exp1
815,focus,0,7625,kucEN,Exp1
816,blur,0,7982,kucEN,Exp1
817,focus,0,8015,kucEN,Exp1
818,blur,0,8820,kucEN,Exp1
819,focus,0,8886,kucEN,Exp1
820,fullscreenenter,0,11134,kucEN,Exp1
821,blur,839,1475611,kucEN,Exp1
822,focus,839,1477241,kucEN,Exp1
823,blur,933,1542815,kucEN,Exp1
824,focus,933,1543949,kucEN,Exp1
825,blur,999,1587384,kucEN,Exp1
826,focus,1002,1592612,kucEN,Exp1
827,blur,1236,1737856,kucEN,Exp1
828,focus,1244,1751946,kucEN,Exp1
829,blur,0,0,bTadY,Exp1
830,focus,0,0,bTadY,Exp1
831,blur,0,0,bTadY,Exp1
832,focus,0,2796,bTadY,Exp1
833,fullscreenenter,0,4817,bTadY,Exp1
834,fullscreenenter,0,13436,1TdKe,Exp1
835,blur,0,0,H758b,Exp1
836,focus,0,0,H758b,Exp1
837,fullscreenenter,0,34644,H758b,Exp1
838,blur,261,1665834,H758b,Exp1
839,focus,261,1667298,H758b,Exp1
840,fullscreenexit,1783,4093136,H758b,Exp1
841,blur,1783,4097254,H758b,Exp1
842,focus,1783,4116949,H758b,Exp1
843,fullscreenenter,0,16838,ZP2L7,Exp1
844,blur,636,3566987,ZP2L7,Exp1
845,focus,636,3567231,ZP2L7,Exp1
846,blur,699,3828597,ZP2L7,Exp1
847,focus,699,3828652,ZP2L7,Exp1
860,fullscreenenter,0,10677,hCz5j,Exp1
861,focus,0,0,5YLpT,Exp1
862,fullscreenexit,0,21139,5YLpT,Exp1
863,blur,0,0,RBAZx,Exp1
864,focus,0,12114,RBAZx,Exp1
865,blur,0,22327,RBAZx,Exp1
866,focus,0,51443,RBAZx,Exp1
867,fullscreenenter,0,54235,RBAZx,Exp1
868,blur,1633,2234487,RBAZx,Exp1
869,focus,1633,2234490,RBAZx,Exp1
870,blur,1641,2243007,RBAZx,Exp1
871,focus,1641,2243010,RBAZx,Exp1
872,blur,1645,2246727,RBAZx,Exp1
873,focus,1645,2246730,RBAZx,Exp1
874,blur,1649,2250830,RBAZx,Exp1
875,focus,1649,2250834,RBAZx,Exp1
876,blur,1653,2254335,RBAZx,Exp1
877,focus,1653,2254338,RBAZx,Exp1
878,blur,1657,2257662,RBAZx,Exp1
879,focus,1657,2257666,RBAZx,Exp1
880,blur,1661,2261591,RBAZx,Exp1
881,focus,1661,2261594,RBAZx,Exp1
882,blur,1678,2277206,RBAZx,Exp1
883,focus,1678,2277209,RBAZx,Exp1
884,blur,1681,2280878,RBAZx,Exp1
885,focus,1681,2280881,RBAZx,Exp1
886,blur,1726,2322134,RBAZx,Exp1
887,focus,1726,2322138,RBAZx,Exp1
888,blur,1733,2328230,RBAZx,Exp1
889,focus,1733,2328234,RBAZx,Exp1
890,focus,0,0,iabfX,Exp1
891,fullscreenenter,0,6783,iabfX,Exp1
892,fullscreenenter,0,3311,eaffU,Exp1
893,fullscreenenter,0,8302,yztNA,Exp1
894,blur,1805,3094091,yztNA,Exp1
895,focus,1805,3096636,yztNA,Exp1
896,fullscreenenter,0,12378,uBrmb,Exp1
897,fullscreenenter,0,10034,2pmGK,Exp1
898,blur,0,677689,Jt02R,Exp1
899,focus,0,1173995,Jt02R,Exp1
900,blur,0,1346871,Jt02R,Exp1
901,focus,0,4892999,Jt02R,Exp1
902,blur,0,4990551,Jt02R,Exp1
903,focus,0,5233192,Jt02R,Exp1
904,fullscreenenter,0,5234139,Jt02R,Exp1
905,fullscreenexit,1767,9518661,Jt02R,Exp1
906,blur,1767,9519372,Jt02R,Exp1
907,focus,1767,9531582,Jt02R,Exp1
919,fullscreenenter,0,11099,U3akT,Exp1
920,blur,0,12416,Y7B2z,Exp1
921,focus,0,19693,Y7B2z,Exp1
922,blur,0,20672,Y7B2z,Exp1
923,focus,0,22701,Y7B2z,Exp1
924,fullscreenenter,0,27653,Y7B2z,Exp1
925,fullscreenenter,0,11389,pTJME,Exp1
926,focus,0,0,JSu11,Exp1
927,fullscreenexit,0,10969,JSu11,Exp1
928,blur,41,194101,JSu11,Exp1
929,focus,41,198025,JSu11,Exp1
930,blur,64,296322,JSu11,Exp1
931,focus,64,318905,JSu11,Exp1
932,blur,64,330614,JSu11,Exp1
933,focus,64,343602,JSu11,Exp1
934,blur,230,786465,JSu11,Exp1
935,focus,230,793988,JSu11,Exp1
936,blur,231,802978,JSu11,Exp1
937,focus,231,806398,JSu11,Exp1
938,blur,299,959774,JSu11,Exp1
939,focus,300,963709,JSu11,Exp1
940,blur,396,1063447,JSu11,Exp1
941,focus,396,1080190,JSu11,Exp1
942,blur,484,1228731,JSu11,Exp1
943,focus,484,1229362,JSu11,Exp1
944,blur,691,1501060,JSu11,Exp1
945,focus,691,1508035,JSu11,Exp1
946,blur,1647,2549850,JSu11,Exp1
947,focus,1647,2554800,JSu11,Exp1
948,blur,1765,2931103,JSu11,Exp1
949,focus,1765,2941730,JSu11,Exp1
950,blur,0,2371,eTH5N,Exp1
951,focus,0,3487,eTH5N,Exp1
952,blur,0,18934,eTH5N,Exp1
953,focus,0,111122,eTH5N,Exp1
954,fullscreenenter,0,117499,eTH5N,Exp1
955,blur,233,2132566,eTH5N,Exp1
956,focus,233,2171832,eTH5N,Exp1
966,blur,0,0,t899v,Exp1
967,focus,0,0,t899v,Exp1
968,fullscreenenter,0,5985,t899v,Exp1
969,blur,0,0,pnBM9,Exp1
970,focus,0,0,pnBM9,Exp1
971,fullscreenenter,0,7676,pnBM9,Exp1
972,blur,0,197,TBVkV,Exp1
973,focus,0,12329,TBVkV,Exp1
974,fullscreenenter,0,14339,TBVkV,Exp1
975,fullscreenenter,0,7219,ww6wH,Exp1
976,fullscreenenter,0,22535,IOb2r,Exp1
977,fullscreenenter,0,10957,V2T2h,Exp1
1422,fullscreenenter,0,13240,m7HTM,Exp1
1423,fullscreenenter,0,17367,USape,Exp1
1424,fullscreenexit,1639,1859837,USape,Exp1
1425,blur,1639,1860528,USape,Exp1
1426,focus,1639,1865856,USape,Exp1
1427,blur,1679,1916987,USape,Exp1
1428,focus,1679,1918849,USape,Exp1
1429,blur,1775,2103330,USape,Exp1
1430,focus,1775,2106802,USape,Exp1
1431,blur,1775,2116932,USape,Exp1
1432,focus,1775,2120686,USape,Exp1
1433,blur,1776,2126584,USape,Exp1
1434,focus,1776,2128449,USape,Exp1
1435,fullscreenenter,0,6638,7XWFp,Exp1
1436,blur,0,5578,kTjzD,Exp1
1437,focus,0,5660,kTjzD,Exp1
1438,blur,0,8807,kTjzD,Exp1
1439,focus,0,11581,kTjzD,Exp1
1440,fullscreenenter,0,12237,kTjzD,Exp1
1441,blur,3,32542,kTjzD,Exp1
1442,focus,3,36818,kTjzD,Exp1
1443,blur,24,103052,kTjzD,Exp1
1444,focus,24,109464,kTjzD,Exp1
1445,blur,64,436595,kTjzD,Exp1
1446,focus,64,447780,kTjzD,Exp1
1447,blur,64,485284,kTjzD,Exp1
1448,focus,64,614494,kTjzD,Exp1
1449,blur,342,1545693,kTjzD,Exp1
1450,focus,342,1548612,kTjzD,Exp1
1451,blur,396,1627441,kTjzD,Exp1
1452,focus,396,1652347,kTjzD,Exp1
1453,blur,1464,2728148,kTjzD,Exp1
1454,focus,1464,2736715,kTjzD,Exp1
1455,blur,1645,2992569,kTjzD,Exp1
1456,focus,1645,2998623,kTjzD,Exp1
1457,blur,1759,3191489,kTjzD,Exp1
1458,focus,1759,3193668,kTjzD,Exp1
1459,blur,1763,3229890,kTjzD,Exp1
1460,focus,1763,3235127,kTjzD,Exp1
1461,blur,0,0,4kMBy,Exp1
1462,focus,0,2253,4kMBy,Exp1
1463,fullscreenenter,0,13972,4kMBy,Exp1
1464,blur,1467,2492518,4kMBy,Exp1
1465,focus,1467,2506839,4kMBy,Exp1
1466,blur,1755,2859908,4kMBy,Exp1
1467,focus,1755,2937417,4kMBy,Exp1
1468,focus,0,0,EhKy0,Exp1
1469,fullscreenexit,0,9601,EhKy0,Exp1
1470,fullscreenenter,0,11235,dM2RK,Exp1
1471,fullscreenenter,0,10847,YreFG,Exp1
1472,fullscreenenter,0,10907,GC1FW,Exp1
1473,fullscreenexit,1791,3577514,GC1FW,Exp1
1474,blur,0,0,uQHfk,Exp1
1475,focus,0,42814,uQHfk,Exp1
1476,fullscreenenter,0,42929,uQHfk,Exp1
1477,blur,1,47122,uQHfk,Exp1
1478,focus,1,50061,uQHfk,Exp1
1479,blur,290,1249392,uQHfk,Exp1
1480,focus,290,1255758,uQHfk,Exp1
1481,blur,785,1967502,uQHfk,Exp1
1482,focus,790,1975900,uQHfk,Exp1
1483,blur,794,1978630,uQHfk,Exp1
1484,focus,794,1980091,uQHfk,Exp1
1485,blur,803,1987046,uQHfk,Exp1
1486,focus,803,1988670,uQHfk,Exp1
1487,blur,830,2014862,uQHfk,Exp1
1488,focus,831,2015963,uQHfk,Exp1
1489,blur,1465,2524606,uQHfk,Exp1
1490,focus,1465,2617578,uQHfk,Exp1
1491,blur,1468,2678078,uQHfk,Exp1
1492,focus,1468,2752735,uQHfk,Exp1
1493,blur,1474,2792535,uQHfk,Exp1
1494,focus,1474,2794778,uQHfk,Exp1
1495,blur,1497,2844572,uQHfk,Exp1
1496,focus,1497,2894011,uQHfk,Exp1
1497,blur,1500,2902078,uQHfk,Exp1
1498,focus,1500,2907130,uQHfk,Exp1
1499,blur,1593,3046606,uQHfk,Exp1
1500,focus,1593,3048450,uQHfk,Exp1
1501,fullscreenenter,0,3794,qFoVX,Exp1
1502,blur,0,0,V86AX,Exp1
1503,focus,0,0,V86AX,Exp1
1504,blur,0,0,V86AX,Exp1
1505,focus,0,783,V86AX,Exp1
1506,fullscreenenter,0,6644,V86AX,Exp1
1507,fullscreenenter,0,13034,chg18,Exp1
1508,focus,0,0,prxQt,Exp1
1509,fullscreenexit,0,8638,prxQt,Exp1
1510,fullscreenenter,0,7942,g2BrC,Exp1
1511,fullscreenenter,0,8335,CJ4S8,Exp1
1512,fullscreenenter,0,12683,bYAJA,Exp1
1513,fullscreenexit,1764,3824829,bYAJA,Exp1
1514,fullscreenenter,0,26145,2l2ke,Exp1
1515,fullscreenenter,0,16516,rxxfw,Exp1
1516,fullscreenenter,0,6695,kUTRd,Exp1
1517,fullscreenexit,1,7821,kUTRd,Exp1
1518,blur,1,11370,kUTRd,Exp1
1519,focus,1,33849,kUTRd,Exp1
1520,blur,1,34800,kUTRd,Exp1
1521,focus,1,45695,kUTRd,Exp1
1522,blur,1,46412,kUTRd,Exp1
1523,focus,1,77110,kUTRd,Exp1
1524,blur,18,134889,kUTRd,Exp1
1525,focus,18,142399,kUTRd,Exp1
1526,blur,27,169620,kUTRd,Exp1
1527,focus,27,174259,kUTRd,Exp1
1528,blur,46,228565,kUTRd,Exp1
1529,focus,46,276001,kUTRd,Exp1
1530,blur,64,375102,kUTRd,Exp1
1531,focus,64,409921,kUTRd,Exp1
1532,blur,98,672617,kUTRd,Exp1
1533,focus,98,688689,kUTRd,Exp1
1534,blur,124,1107047,kUTRd,Exp1
1535,focus,124,1188874,kUTRd,Exp1
1536,blur,141,1321467,kUTRd,Exp1
1537,focus,141,1346344,kUTRd,Exp1
1538,blur,141,1357974,kUTRd,Exp1
1539,focus,141,1432374,kUTRd,Exp1
1540,blur,152,1554689,kUTRd,Exp1
1541,focus,152,1592153,kUTRd,Exp1
1542,blur,1651,4127691,kUTRd,Exp1
1543,focus,1651,4148538,kUTRd,Exp1
1544,blur,1771,4450499,kUTRd,Exp1
1545,focus,1771,4458676,kUTRd,Exp1
1546,blur,0,0,HtIET,Exp1
1547,focus,0,11351,HtIET,Exp1
1548,blur,0,11466,HtIET,Exp1
1549,focus,0,11596,HtIET,Exp1
1550,fullscreenenter,0,13840,HtIET,Exp1
1551,blur,341,1072921,HtIET,Exp1
1552,focus,341,1073000,HtIET,Exp1
1553,blur,341,1074550,HtIET,Exp1
1554,focus,341,1079812,HtIET,Exp1
1555,blur,345,1099818,HtIET,Exp1
1556,focus,345,1102521,HtIET,Exp1
1557,blur,347,1106444,HtIET,Exp1
1558,focus,347,1128863,HtIET,Exp1
1559,blur,396,1170485,HtIET,Exp1
1560,focus,396,1264243,HtIET,Exp1
1561,blur,662,1626369,HtIET,Exp1
1562,focus,663,1631212,HtIET,Exp1
1563,blur,690,1674626,HtIET,Exp1
1564,focus,690,1689958,HtIET,Exp1
1565,fullscreenenter,0,5511,JJKmU,Exp1
1566,fullscreenexit,1,7061,JJKmU,Exp1
1567,blur,533,1172330,JJKmU,Exp1
1568,focus,534,1177288,JJKmU,Exp1
1569,blur,535,1179832,JJKmU,Exp1
1570,focus,537,1183008,JJKmU,Exp1
1571,blur,537,1183441,JJKmU,Exp1
1572,focus,537,1183506,JJKmU,Exp1
1573,blur,552,1201909,JJKmU,Exp1
1574,focus,552,1204976,JJKmU,Exp1
1575,blur,558,1214221,JJKmU,Exp1
1576,focus,558,1215484,JJKmU,Exp1
1577,blur,608,1274215,JJKmU,Exp1
1578,focus,609,1275563,JJKmU,Exp1
1579,blur,610,1276110,JJKmU,Exp1
1580,focus,610,1277146,JJKmU,Exp1
1581,blur,611,1277986,JJKmU,Exp1
1582,focus,613,1282085,JJKmU,Exp1
1583,blur,1761,2443830,JJKmU,Exp1
1584,focus,1761,2447991,JJKmU,Exp1
1585,fullscreenenter,1,22063,KOQfg,Exp1
1586,blur,1094,2791054,KOQfg,Exp1
1587,focus,1094,2796640,KOQfg,Exp1
1588,blur,1787,3640581,KOQfg,Exp1
1589,focus,1787,3642084,KOQfg,Exp1
1590,blur,1787,3647658,KOQfg,Exp1
1591,focus,1787,3655244,KOQfg,Exp1
1592,blur,1787,3656872,KOQfg,Exp1
1593,focus,1787,3661887,KOQfg,Exp1
1594,fullscreenenter,0,11814,2te35,Exp1
1595,fullscreenenter,0,5421,gcn7Z,Exp1
1596,blur,181,1031405,gcn7Z,Exp1
1597,focus,181,1037773,gcn7Z,Exp1
1598,blur,1663,3167303,gcn7Z,Exp1
1599,focus,1663,3256648,gcn7Z,Exp1
1604,fullscreenenter,0,9646,gv4vw,Exp1
1605,blur,1466,3381859,gv4vw,Exp1
1606,focus,1466,3390995,gv4vw,Exp1
1607,fullscreenexit,1466,3394075,gv4vw,Exp1
1608,blur,1466,3396276,gv4vw,Exp1
1609,focus,1466,3407259,gv4vw,Exp1
1610,blur,1466,3472049,gv4vw,Exp1
1611,focus,1466,3473712,gv4vw,Exp1
1612,blur,1773,4122727,gv4vw,Exp1
1613,focus,1773,4143400,gv4vw,Exp1
1614,fullscreenenter,0,15982,a86ub,Exp1
1615,blur,0,0,2tQFn,Exp1
1616,focus,0,561,2tQFn,Exp1
1617,fullscreenenter,0,8253,2tQFn,Exp1
1618,blur,173,532744,2tQFn,Exp1
1619,focus,173,534205,2tQFn,Exp1
1620,fullscreenenter,0,7412,ex14o,Exp1
1621,blur,0,0,ufSkQ,Exp1
1622,focus,0,2345,ufSkQ,Exp1
1623,fullscreenenter,0,7129,ufSkQ,Exp1
1624,blur,1597,3228442,ufSkQ,Exp1
1625,focus,1597,3228446,ufSkQ,Exp1
1626,blur,1597,3228529,ufSkQ,Exp1
1627,focus,1597,3228532,ufSkQ,Exp1
1628,blur,1597,3228616,ufSkQ,Exp1
1629,focus,1597,3228619,ufSkQ,Exp1
1630,blur,0,0,d4piR,Exp1
1631,focus,0,177,d4piR,Exp1
1632,blur,0,10845,d4piR,Exp1
1633,focus,0,12105,d4piR,Exp1
1634,blur,0,483072,d4piR,Exp1
1635,focus,0,485187,d4piR,Exp1
1636,fullscreenenter,0,486316,d4piR,Exp1
1637,blur,0,4504,isFoJ,Exp1
1638,focus,0,7218,isFoJ,Exp1
1639,blur,0,9768,isFoJ,Exp1
1640,focus,0,18323,isFoJ,Exp1
1641,fullscreenenter,0,19495,isFoJ,Exp1
1642,blur,1780,2985643,isFoJ,Exp1
1643,focus,1780,2989037,isFoJ,Exp1
1644,fullscreenenter,0,8368,t285z,Exp1
1645,fullscreenenter,0,10247,WD9mK,Exp1
1646,fullscreenenter,0,1280,dcK4U,Exp1
1702,fullscreenenter,0,8745,61D1n,Exp1
1703,blur,8,39451,61D1n,Exp1
1704,focus,8,39588,61D1n,Exp1
1705,fullscreenenter,0,10354,ra1LB,Exp1
1706,fullscreenenter,0,8846,LegoS,Exp1
1707,blur,10,63568,LegoS,Exp1
1708,focus,10,64378,LegoS,Exp1
1709,blur,63,257171,LegoS,Exp1
1710,focus,63,261269,LegoS,Exp1
1711,blur,64,265779,LegoS,Exp1
1712,focus,64,291105,LegoS,Exp1
1713,blur,154,473275,LegoS,Exp1
1714,focus,155,480232,LegoS,Exp1
1715,blur,230,558658,LegoS,Exp1
1716,focus,230,566395,LegoS,Exp1
1717,blur,336,752813,LegoS,Exp1
1718,focus,337,754919,LegoS,Exp1
1719,blur,341,761939,LegoS,Exp1
1720,focus,341,763998,LegoS,Exp1
1721,blur,483,964786,LegoS,Exp1
1722,focus,486,972002,LegoS,Exp1
1723,blur,852,1359623,LegoS,Exp1
1724,focus,863,1378249,LegoS,Exp1
1725,blur,1469,1898559,LegoS,Exp1
1726,focus,1469,1905317,LegoS,Exp1
1727,blur,1469,1907422,LegoS,Exp1
1728,focus,1469,1907986,LegoS,Exp1
1729,blur,1469,1908466,LegoS,Exp1
1730,focus,1469,1912877,LegoS,Exp1
1731,blur,1469,1914461,LegoS,Exp1
1732,focus,1469,1915596,LegoS,Exp1
1733,blur,0,0,8pRjy,Exp1
1734,focus,0,0,8pRjy,Exp1
1735,blur,0,0,8pRjy,Exp1
1736,focus,0,0,8pRjy,Exp1
1737,fullscreenenter,0,5618,8pRjy,Exp1
1738,focus,0,0,CIR6R,Exp1
1739,fullscreenexit,0,15177,CIR6R,Exp1
1740,focus,0,0,TL9EK,Exp1
1741,fullscreenexit,0,1528,TL9EK,Exp1
1742,blur,1,24309,TL9EK,Exp1
1743,focus,1,72372,TL9EK,Exp1
1744,fullscreenenter,0,7446,D1NKi,Exp1
1745,blur,0,0,L8JB0,Exp1
1746,focus,0,0,L8JB0,Exp1
1747,fullscreenenter,0,1720,L8JB0,Exp1
1748,blur,3,18997,L8JB0,Exp1
1749,focus,3,19000,L8JB0,Exp1
1750,blur,65,390512,L8JB0,Exp1
1751,focus,65,396183,L8JB0,Exp1
1761,fullscreenenter,0,11020,rKevs,Exp1
1762,fullscreenenter,0,11664,l6Cbt,Exp1
1763,blur,0,0,FnDK4,Exp1
1764,focus,0,475,FnDK4,Exp1
1765,fullscreenenter,0,7787,FnDK4,Exp1
1766,fullscreenenter,0,7919,EqBzt,Exp1
1767,blur,21,74407,EqBzt,Exp1
1768,focus,21,85680,EqBzt,Exp1
1769,blur,332,696929,EqBzt,Exp1
1770,focus,332,706544,EqBzt,Exp1
1771,blur,1464,1818349,EqBzt,Exp1
1772,focus,1464,1860703,EqBzt,Exp1
1773,blur,1665,2092013,EqBzt,Exp1
1774,focus,1665,2112260,EqBzt,Exp1
1775,fullscreenenter,0,9267,79Qdg,Exp1
1776,blur,328,778507,79Qdg,Exp1
1777,focus,329,781209,79Qdg,Exp1
1778,blur,347,803332,79Qdg,Exp1
1779,focus,347,808194,79Qdg,Exp1
1780,blur,888,1386328,79Qdg,Exp1
1781,focus,888,1390777,79Qdg,Exp1
1782,blur,1081,1515690,79Qdg,Exp1
1783,focus,1081,1519069,79Qdg,Exp1
1784,fullscreenexit,1274,1647672,79Qdg,Exp1
1785,blur,1778,2223303,79Qdg,Exp1
1786,focus,1778,2235838,79Qdg,Exp1
1787,fullscreenenter,0,9547,OC1em,Exp1
1788,blur,133,476983,OC1em,Exp1
1789,focus,133,476984,OC1em,Exp1
1790,blur,168,539157,OC1em,Exp1
1791,focus,168,539158,OC1em,Exp1
1792,blur,396,914961,OC1em,Exp1
1793,focus,396,956945,OC1em,Exp1
1794,blur,396,962525,OC1em,Exp1
1795,focus,396,963884,OC1em,Exp1
1796,blur,396,965490,OC1em,Exp1
1797,focus,396,1046641,OC1em,Exp1
1798,blur,396,1048990,OC1em,Exp1
1799,focus,396,1065849,OC1em,Exp1
1800,blur,396,1088181,OC1em,Exp1
1801,focus,396,1149883,OC1em,Exp1
1802,blur,396,1160156,OC1em,Exp1
1803,focus,396,1190799,OC1em,Exp1
1804,blur,650,1494599,OC1em,Exp1
1805,focus,651,1495179,OC1em,Exp1
1806,blur,838,1713353,OC1em,Exp1
1807,focus,838,1713875,OC1em,Exp1
1808,blur,1464,2262247,OC1em,Exp1
1809,focus,1464,2267800,OC1em,Exp1
1810,blur,1777,2802336,OC1em,Exp1
1811,focus,1777,2804141,OC1em,Exp1
1812,fullscreenenter,0,9490,LCVO7,Exp1
1813,fullscreenenter,0,6930,zTCj2,Exp1
1814,fullscreenexit,1774,4149064,zTCj2,Exp1
1815,blur,1774,4153893,zTCj2,Exp1
1816,focus,1774,4182891,zTCj2,Exp1
1817,blur,1774,4183637,zTCj2,Exp1
1818,focus,1774,4184197,zTCj2,Exp1
1819,blur,0,14334,riqro,Exp1
1820,focus,0,16110,riqro,Exp1
1821,fullscreenenter,0,17418,riqro,Exp1
1822,blur,21,89457,riqro,Exp1
1823,focus,21,91345,riqro,Exp1
1824,blur,23,95446,riqro,Exp1
1825,focus,23,96823,riqro,Exp1
1826,blur,25,102058,riqro,Exp1
1827,focus,25,105401,riqro,Exp1
1828,blur,26,107229,riqro,Exp1
1829,focus,26,118868,riqro,Exp1
1830,blur,122,484508,riqro,Exp1
1831,focus,122,484558,riqro,Exp1
1832,blur,122,485282,riqro,Exp1
1833,focus,125,506459,riqro,Exp1
1834,blur,624,1343038,riqro,Exp1
1835,focus,625,1345408,riqro,Exp1
1836,blur,696,1428650,riqro,Exp1
1837,focus,696,1471722,riqro,Exp1
1838,blur,697,1484764,riqro,Exp1
1839,focus,697,1484845,riqro,Exp1
1840,blur,697,1486081,riqro,Exp1
1841,focus,697,1488529,riqro,Exp1
1842,blur,697,1489176,riqro,Exp1
1843,focus,697,1553309,riqro,Exp1
1844,blur,1278,2097561,riqro,Exp1
1845,focus,1278,2186816,riqro,Exp1
1846,blur,1472,2370578,riqro,Exp1
1847,focus,1472,2370661,riqro,Exp1
1848,fullscreenexit,1472,2371817,riqro,Exp1
1849,blur,1472,2372300,riqro,Exp1
1850,focus,1472,2500966,riqro,Exp1
1851,blur,1614,2653269,riqro,Exp1
1852,focus,1614,2759238,riqro,Exp1
1853,blur,1614,2760048,riqro,Exp1
1854,focus,1614,2761783,riqro,Exp1
1855,blur,1790,3048130,riqro,Exp1
1856,focus,1790,3054424,riqro,Exp1
1857,focus,0,0,cXusF,Exp1
1858,blur,0,19513,cXusF,Exp1
1859,focus,0,19549,cXusF,Exp1
1860,fullscreenexit,0,19574,cXusF,Exp1
1861,blur,233,989015,cXusF,Exp1
1862,focus,233,1062399,cXusF,Exp1
1863,fullscreenenter,0,16954,HUU11,Exp1
1864,fullscreenenter,0,10061,qqObf,Exp1
1865,blur,0,0,uY1lB,Exp1
1866,focus,0,1477,uY1lB,Exp1
1867,blur,0,5638,uY1lB,Exp1
1868,focus,0,6093,uY1lB,Exp1
1869,blur,0,7245,uY1lB,Exp1
1870,focus,0,9730,uY1lB,Exp1
1871,fullscreenenter,0,16362,uY1lB,Exp1
1872,blur,211,610344,uY1lB,Exp1
1873,focus,211,610349,uY1lB,Exp1
1874,fullscreenexit,1738,2357243,uY1lB,Exp1
1875,blur,1739,2359799,uY1lB,Exp1
1876,focus,1739,2362900,uY1lB,Exp1
1877,blur,1741,2372417,uY1lB,Exp1
1878,focus,1741,2375022,uY1lB,Exp1
1879,blur,1775,2490965,uY1lB,Exp1
1880,focus,1775,2509343,uY1lB,Exp1
1882,fullscreenenter,0,17589,fvvnd,Exp1
1883,fullscreenenter,0,5897,r9g1Q,Exp1
1884,fullscreenenter,0,6609,jUXsK,Exp1
1885,blur,0,541,dbLtw,Exp1
1886,focus,0,2175,dbLtw,Exp1
1887,blur,0,5353,dbLtw,Exp1
1888,focus,0,6417,dbLtw,Exp1
1889,fullscreenenter,0,7763,dbLtw,Exp1
1890,fullscreenexit,1792,4241130,dbLtw,Exp1
1891,blur,1792,4242190,dbLtw,Exp1
1892,focus,1792,4251263,dbLtw,Exp1
1893,fullscreenenter,0,1226,ofIKF,Exp1
1894,fullscreenexit,1772,3637939,ofIKF,Exp1
1895,blur,1772,3641163,ofIKF,Exp1
1896,focus,1772,3648140,ofIKF,Exp1
1897,blur,1772,3654186,ofIKF,Exp1
1898,focus,1772,3672035,ofIKF,Exp1
1899,blur,1772,3684273,ofIKF,Exp1
1900,focus,1772,3688688,ofIKF,Exp1
1901,fullscreenenter,0,4402,vhG8j,Exp1
1902,blur,0,1120,VNNqO,Exp1
1903,focus,0,1349,VNNqO,Exp1
1904,blur,0,14666,VNNqO,Exp1
1905,focus,0,18370,VNNqO,Exp1
1906,fullscreenenter,0,20062,VNNqO,Exp1
1907,fullscreenenter,0,9278,dE8xe,Exp1
1908,focus,0,0,3C4ri,Exp1
1909,blur,0,9141,3C4ri,Exp1
1910,focus,0,11355,3C4ri,Exp1
1911,fullscreenexit,0,13220,3C4ri,Exp1
1912,blur,0,0,hYewb,Exp1
1913,focus,0,0,hYewb,Exp1
1914,blur,0,0,hYewb,Exp1
1915,focus,0,0,hYewb,Exp1
1916,blur,0,0,hYewb,Exp1
1917,focus,0,0,hYewb,Exp1
1918,fullscreenenter,0,6728,hYewb,Exp1
1919,blur,0,0,0Swud,Exp1
1920,focus,0,747,0Swud,Exp1
1921,fullscreenenter,0,10996,0Swud,Exp1
1922,fullscreenexit,1794,3566085,0Swud,Exp1
1923,blur,1794,3568365,0Swud,Exp1
1924,focus,1794,3995224,0Swud,Exp1
1925,fullscreenenter,0,8921,DqtDo,Exp1
1926,fullscreenenter,0,9331,IyKDo,Exp1
1927,focus,0,0,FbxWp,Exp1
1928,blur,0,8800,FbxWp,Exp1
1929,focus,0,41400,FbxWp,Exp1
1930,blur,0,43300,FbxWp,Exp1
1931,focus,0,47600,FbxWp,Exp1
1932,blur,0,49300,FbxWp,Exp1
1933,focus,0,51500,FbxWp,Exp1
1934,blur,0,52000,FbxWp,Exp1
1935,focus,0,1652400,FbxWp,Exp1
1936,fullscreenexit,0,1655000,FbxWp,Exp1
1937,fullscreenexit,1767,4004700,FbxWp,Exp1
1938,blur,1767,4005800,FbxWp,Exp1
1939,blur,0,393,nmVkL,Exp1
1940,focus,0,2935,nmVkL,Exp1
1941,fullscreenenter,0,4984,nmVkL,Exp1
1942,fullscreenenter,0,30471,qiYrA,Exp1
1943,fullscreenenter,0,3816,uNX9a,Exp1
1944,fullscreenexit,1778,2830931,uNX9a,Exp1
1945,blur,1778,2832842,uNX9a,Exp1
1946,focus,1778,2837992,uNX9a,Exp1
1948,fullscreenenter,0,19843,1Pbol,Exp1
1949,blur,3,101333,1Pbol,Exp1
1950,focus,3,135888,1Pbol,Exp1
1951,fullscreenexit,3,136023,1Pbol,Exp1
1952,fullscreenenter,0,18188,6qZr0,Exp1
1953,blur,0,1443,pcdhA,Exp1
1954,focus,0,3405,pcdhA,Exp1
1955,fullscreenenter,0,7658,pcdhA,Exp1
1956,blur,110,470718,pcdhA,Exp1
1957,focus,111,471644,pcdhA,Exp1
1958,blur,115,503424,pcdhA,Exp1
1959,focus,115,506453,pcdhA,Exp1
1960,blur,230,813288,pcdhA,Exp1
1961,focus,230,829761,pcdhA,Exp1
1962,blur,553,1460267,pcdhA,Exp1
1963,focus,554,1461683,pcdhA,Exp1
1964,blur,691,1626105,pcdhA,Exp1
1965,focus,692,1627436,pcdhA,Exp1
1966,blur,1770,2783996,pcdhA,Exp1
1967,focus,1770,2786403,pcdhA,Exp1
1968,blur,1770,2789994,pcdhA,Exp1
1969,focus,1770,2794608,pcdhA,Exp1
1970,fullscreenenter,0,9414,itC8i,Exp1
1971,blur,0,0,idMjZ,Exp1
1972,focus,0,479,idMjZ,Exp1
1973,blur,0,12992,idMjZ,Exp1
1974,focus,0,16838,idMjZ,Exp1
1975,blur,0,17410,idMjZ,Exp1
1976,focus,0,24155,idMjZ,Exp1
1977,fullscreenenter,0,25909,idMjZ,Exp1
1978,focus,0,0,2ykth,Exp1
1979,blur,0,11797,2ykth,Exp1
1980,focus,0,14958,2ykth,Exp1
1981,fullscreenenter,0,23086,2ykth,Exp1
1982,fullscreenenter,0,23778,5RMsI,Exp1
1983,fullscreenexit,1777,3229577,5RMsI,Exp1
1984,blur,1777,3233817,5RMsI,Exp1
1985,focus,1777,3238170,5RMsI,Exp1
1986,blur,1777,3249659,5RMsI,Exp1
1987,focus,1777,3254309,5RMsI,Exp1
1988,blur,0,16687,JSPH5,Exp1
1989,focus,0,19863,JSPH5,Exp1
1990,fullscreenenter,0,21728,JSPH5,Exp1
1991,fullscreenenter,0,5114,2qbeN,Exp1
1992,fullscreenenter,0,1251,z3PMJ,Exp1
1993,blur,596,1326745,z3PMJ,Exp1
1994,focus,596,1362092,z3PMJ,Exp1
1995,blur,620,1390896,z3PMJ,Exp1
1996,focus,621,1391422,z3PMJ,Exp1
1997,blur,624,1395341,z3PMJ,Exp1
1998,focus,624,1395989,z3PMJ,Exp1
1999,blur,1779,2901357,z3PMJ,Exp1
2000,focus,1779,2903754,z3PMJ,Exp1
2001,fullscreenenter,0,14863,X85Vs,Exp1
2002,fullscreenenter,0,11266,eKQrN,Exp1
2003,fullscreenenter,0,6599,JezMo,Exp1
2004,blur,339,1536649,JezMo,Exp1
2005,focus,339,1536650,JezMo,Exp1
2006,fullscreenenter,0,8526,1edMQ,Exp1
2007,blur,0,0,GStvD,Exp1
2008,focus,0,1647,GStvD,Exp1
2009,blur,0,26772,GStvD,Exp1
2010,focus,0,52884,GStvD,Exp1
2011,fullscreenenter,0,65648,GStvD,Exp1
2012,fullscreenenter,0,6013,7czqL,Exp1
2013,fullscreenexit,1767,3447530,7czqL,Exp1
2014,blur,1767,3451541,7czqL,Exp1
2015,focus,1767,3462352,7czqL,Exp1
2016,blur,0,19938,FbsuF,Exp1
2017,focus,0,46949,FbsuF,Exp1
2018,fullscreenenter,0,48351,FbsuF,Exp1
2019,blur,1,52182,FbsuF,Exp1
2020,focus,1,76838,FbsuF,Exp1
2021,blur,40,207246,FbsuF,Exp1
2022,focus,40,217209,FbsuF,Exp1
2023,blur,230,941930,FbsuF,Exp1
2024,focus,230,998785,FbsuF,Exp1
2025,blur,276,1204287,FbsuF,Exp1
2026,focus,276,1213650,FbsuF,Exp1
2027,blur,290,1248098,FbsuF,Exp1
2028,focus,290,1276159,FbsuF,Exp1
2029,blur,301,1323054,FbsuF,Exp1
2030,focus,301,1357107,FbsuF,Exp1
2031,blur,303,1374796,FbsuF,Exp1
2032,focus,306,1389008,FbsuF,Exp1
2033,blur,350,1515304,FbsuF,Exp1
2034,focus,350,1664376,FbsuF,Exp1
2035,blur,399,1708367,FbsuF,Exp1
2036,focus,399,1810453,FbsuF,Exp1
2037,blur,889,2444530,FbsuF,Exp1
2038,focus,889,2468753,FbsuF,Exp1
2039,blur,1602,3210791,FbsuF,Exp1
2040,focus,1602,3222939,FbsuF,Exp1
2041,fullscreenenter,0,10968,QoTqf,Exp1
2042,fullscreenenter,0,1330,d3y2u,Exp1
2043,blur,1,6390,d3y2u,Exp1
2044,focus,1,11112,d3y2u,Exp1
2045,blur,0,7787,jjmyJ,Exp1
2046,focus,0,19724,jjmyJ,Exp1
2047,fullscreenenter,0,22418,jjmyJ,Exp1
2048,fullscreenenter,0,12462,A7iWj,Exp1
2049,blur,263,3084161,A7iWj,Exp1
2050,focus,263,3085508,A7iWj,Exp1
2051,fullscreenenter,0,5614,THF1C,Exp1
2052,blur,0,0,7950P,Exp1
2053,focus,0,693,7950P,Exp1
2054,blur,0,9756,7950P,Exp1
2055,focus,0,10593,7950P,Exp1
2056,fullscreenenter,0,25664,7950P,Exp1
2057,fullscreenenter,0,35975,JIK6z,Exp1
2058,blur,0,0,twMeY,Exp1
2059,focus,0,0,twMeY,Exp1
2060,blur,0,0,twMeY,Exp1
2061,focus,0,704,twMeY,Exp1
2062,blur,0,15369,twMeY,Exp1
2063,focus,0,39669,twMeY,Exp1
2064,fullscreenenter,0,41531,twMeY,Exp1
2065,fullscreenenter,0,8972,nHeDQ,Exp1
2066,fullscreenenter,0,8439,hXAw3,Exp1
2067,fullscreenenter,0,13085,SPlAj,Exp1
2068,blur,396,1545056,SPlAj,Exp1
2069,focus,396,1545608,SPlAj,Exp1
2070,fullscreenenter,0,8857,khObZ,Exp1
2071,fullscreenexit,3,39410,khObZ,Exp1
2072,blur,1474,3693547,khObZ,Exp1
2073,focus,1474,3703603,khObZ,Exp1
2074,blur,1773,4433604,khObZ,Exp1
2075,focus,1773,4439409,khObZ,Exp1
2076,blur,1773,4453130,khObZ,Exp1
2077,focus,1773,4458252,khObZ,Exp1
2078,focus,0,0,YUOBu,Exp1
2079,fullscreenexit,0,5859,YUOBu,Exp1
2080,fullscreenenter,0,3471,YQYvJ,Exp1
2081,blur,56,322120,YQYvJ,Exp1
2082,focus,56,339072,YQYvJ,Exp1
2083,blur,60,355001,YQYvJ,Exp1
2084,focus,60,365770,YQYvJ,Exp1
2085,blur,61,382549,YQYvJ,Exp1
2086,focus,61,409419,YQYvJ,Exp1
2087,blur,62,415033,YQYvJ,Exp1
2088,focus,62,428214,YQYvJ,Exp1
2089,blur,346,1329285,YQYvJ,Exp1
2090,focus,346,1336720,YQYvJ,Exp1
2091,blur,886,1940868,YQYvJ,Exp1
2092,focus,886,1949996,YQYvJ,Exp1
2093,blur,1769,2849747,YQYvJ,Exp1
2094,focus,1769,2851930,YQYvJ,Exp1
2095,fullscreenenter,0,9725,tAjxI,Exp1
2096,blur,0,10351,WAUzY,Exp1
2097,focus,0,12768,WAUzY,Exp1
2098,fullscreenenter,0,20046,WAUzY,Exp1
2099,fullscreenenter,0,14980,HAvkp,Exp1
2100,fullscreenenter,0,7037,bvf1h,Exp1
2101,blur,1602,2323531,bvf1h,Exp1
2102,focus,1602,2354063,bvf1h,Exp1
2103,fullscreenenter,0,8961,VIY45,Exp1
2104,focus,0,0,xoV8y,Exp1
2105,blur,0,0,xoV8y,Exp1
2106,focus,0,0,xoV8y,Exp1
2107,fullscreenexit,0,43142,xoV8y,Exp1
2108,fullscreenexit,1272,3884073,xoV8y,Exp1
2109,blur,1272,3887640,xoV8y,Exp1
2110,focus,1272,3898731,xoV8y,Exp1
2111,blur,0,10326,CDy4a,Exp1
2112,focus,0,21940,CDy4a,Exp1
2113,fullscreenenter,0,69765,CDy4a,Exp1
2114,fullscreenexit,1783,3130949,CDy4a,Exp1
2115,fullscreenenter,0,9193,q3LFW,Exp1
2116,focus,0,0,jzXLc,Exp1
2117,blur,0,0,jzXLc,Exp1
2118,focus,0,0,jzXLc,Exp1
2119,fullscreenexit,0,4770,jzXLc,Exp1
2120,blur,940,2645707,jzXLc,Exp1
2121,focus,941,2647495,jzXLc,Exp1
2122,blur,1705,3626268,jzXLc,Exp1
2123,focus,1705,3626428,jzXLc,Exp1
2124,blur,1705,3626579,jzXLc,Exp1
2125,focus,1705,3628218,jzXLc,Exp1
2126,fullscreenenter,0,2688,kaCem,Exp1
2127,blur,1784,2158120,kaCem,Exp1
2128,focus,1784,2158909,kaCem,Exp1
2129,fullscreenenter,0,18759,pWT7q,Exp1
2130,fullscreenenter,0,7048,RweSp,Exp1
2131,blur,0,1488,xvFij,Exp1
2132,focus,0,3512,xvFij,Exp1
2133,fullscreenenter,0,14139,xvFij,Exp1
2134,blur,0,0,dQsUX,Exp1
2135,focus,0,0,dQsUX,Exp1
2136,fullscreenenter,0,15071,dQsUX,Exp1
2137,focus,0,0,2NKe6,Exp1
2138,fullscreenenter,0,11978,2NKe6,Exp1
2139,blur,64,505804,2NKe6,Exp1
2140,focus,64,526839,2NKe6,Exp1
2141,blur,64,530303,2NKe6,Exp1
2142,focus,64,545806,2NKe6,Exp1
2143,blur,124,855006,2NKe6,Exp1
2144,focus,124,991677,2NKe6,Exp1
2145,blur,124,1510859,2NKe6,Exp1
2146,focus,124,1549477,2NKe6,Exp1
2147,blur,230,1957297,2NKe6,Exp1
2148,focus,230,1960502,2NKe6,Exp1
2149,blur,396,2537658,2NKe6,Exp1
2150,focus,396,2559118,2NKe6,Exp1
2151,focus,0,0,4O32K,Exp1
2152,fullscreenexit,0,15991,4O32K,Exp1
2153,blur,0,0,CkHtM,Exp1
2154,focus,0,0,CkHtM,Exp1
2155,fullscreenenter,0,12127,CkHtM,Exp1
2156,fullscreenexit,1784,2548991,CkHtM,Exp1
2157,blur,1785,2556525,CkHtM,Exp1
2158,fullscreenenter,0,10493,M2Acg,Exp1
2162,blur,0,0,NCUc3,Exp1
2163,focus,0,332,NCUc3,Exp1
2164,fullscreenenter,0,7144,NCUc3,Exp1
2165,blur,1456,4601396,NCUc3,Exp1
2166,focus,1459,4605862,NCUc3,Exp1
2167,fullscreenenter,0,12100,5FkA1,Exp1
2168,fullscreenenter,0,4201,FYIj5,Exp1
2169,blur,95,363228,FYIj5,Exp1
2170,focus,95,363232,FYIj5,Exp1
2171,blur,95,363735,FYIj5,Exp1
2172,focus,95,363739,FYIj5,Exp1
2181,fullscreenenter,0,10804,NEOFV,Exp1
2182,fullscreenenter,0,13505,GCq3m,Exp1
2183,fullscreenenter,0,15278,qBGkp,Exp1
2184,fullscreenenter,0,7149,ZGrrY,Exp1
2185,fullscreenenter,0,12537,l6WpQ,Exp1
2186,fullscreenenter,0,62905,JY6WO,Exp1
2271,fullscreenenter,0,4516,BcmPt,Exp1
2272,blur,128,686569,BcmPt,Exp1
2273,focus,128,686890,BcmPt,Exp1
2274,blur,128,688300,BcmPt,Exp1
2275,focus,128,693158,BcmPt,Exp1
2276,fullscreenenter,0,9655,8gPGn,Exp1
2277,fullscreenexit,1778,3207783,8gPGn,Exp1
2278,blur,1778,3209644,8gPGn,Exp1
2279,focus,1778,3217299,8gPGn,Exp1
2280,focus,0,0,339Ys,Exp1
2281,blur,0,232895,339Ys,Exp1
2282,focus,0,235085,339Ys,Exp1
2283,blur,0,235914,339Ys,Exp1
2284,focus,0,322862,339Ys,Exp1
2285,fullscreenexit,0,400753,339Ys,Exp1
2286,fullscreenexit,1464,3721072,339Ys,Exp1
2287,blur,1464,3723580,339Ys,Exp1
2288,focus,1464,3728708,339Ys,Exp1
2289,blur,1464,3730336,339Ys,Exp1
2290,focus,1464,3815585,339Ys,Exp1
2291,blur,1781,4566892,339Ys,Exp1
2292,focus,1781,4571210,339Ys,Exp1
2293,blur,1781,4577654,339Ys,Exp1
2294,focus,1781,4580391,339Ys,Exp1
2351,fullscreenenter,0,11781,UiTO9,Exp1
2352,blur,0,0,MJ2Dl,Exp1
2353,focus,0,0,MJ2Dl,Exp1
2354,blur,0,0,MJ2Dl,Exp1
2355,focus,0,0,MJ2Dl,Exp1
2356,fullscreenenter,0,14768,MJ2Dl,Exp1
2357,focus,0,0,52UGI,Exp1
2358,blur,0,157,52UGI,Exp1
2359,focus,0,8367,52UGI,Exp1
2360,fullscreenexit,0,17353,52UGI,Exp1
2361,blur,1765,2637365,52UGI,Exp1
2362,focus,1765,2640345,52UGI,Exp1
2363,blur,1766,2645952,52UGI,Exp1
2364,focus,1766,2646794,52UGI,Exp1
2365,fullscreenenter,0,1680,zwAoN,Exp1
2366,blur,178,867093,zwAoN,Exp1
2367,focus,178,867113,zwAoN,Exp1
2368,blur,1672,2888711,zwAoN,Exp1
2369,focus,1672,2888765,zwAoN,Exp1
2370,blur,1677,2894581,zwAoN,Exp1
2371,focus,1677,2894584,zwAoN,Exp1
2372,blur,1681,2899860,zwAoN,Exp1
2373,focus,1681,2899863,zwAoN,Exp1
2374,blur,1693,2912606,zwAoN,Exp1
2375,focus,1693,2912609,zwAoN,Exp1
2376,blur,1725,2941034,zwAoN,Exp1
2377,focus,1725,2941040,zwAoN,Exp1
2378,blur,1733,2948813,zwAoN,Exp1
2379,focus,1733,2948817,zwAoN,Exp1
2380,blur,1737,2953700,zwAoN,Exp1
2381,focus,1737,2953703,zwAoN,Exp1
2382,blur,1740,2957841,zwAoN,Exp1
2383,focus,1741,2957845,zwAoN,Exp1
2384,blur,1745,2963073,zwAoN,Exp1
2385,focus,1745,2963076,zwAoN,Exp1
2386,blur,1749,2966698,zwAoN,Exp1
2387,focus,1749,2966702,zwAoN,Exp1
2388,blur,1769,2990421,zwAoN,Exp1
2389,focus,1769,2990424,zwAoN,Exp1
2390,blur,1773,2995415,zwAoN,Exp1
2391,focus,1773,2995418,zwAoN,Exp1
2392,blur,1793,3055231,zwAoN,Exp1
2393,focus,1793,3055233,zwAoN,Exp1
2394,blur,1797,3058943,zwAoN,Exp1
2395,focus,1797,3058945,zwAoN,Exp1
2396,blur,1805,3067985,zwAoN,Exp1
2397,focus,1805,3067988,zwAoN,Exp1
2398,blur,1809,3073246,zwAoN,Exp1
2399,focus,1809,3073249,zwAoN,Exp1
2400,blur,1817,3086301,zwAoN,Exp1
2401,focus,1817,3086304,zwAoN,Exp1
2402,fullscreenenter,0,4705,XikH0,Exp1
2403,blur,233,2651249,XikH0,Exp1
2404,focus,233,4079489,XikH0,Exp1
2405,blur,654,5383559,XikH0,Exp1
2406,focus,655,5384486,XikH0,Exp1
2407,blur,1103,5737866,XikH0,Exp1
2408,focus,1104,5739298,XikH0,Exp1
2409,blur,1126,5753594,XikH0,Exp1
2410,focus,1126,5754253,XikH0,Exp1
2411,blur,1137,5760913,XikH0,Exp1
2412,focus,1138,5761879,XikH0,Exp1
2413,fullscreenenter,0,4102,mRarI,Exp1
2414,blur,11,38897,mRarI,Exp1
2415,focus,11,41005,mRarI,Exp1
2416,blur,11,41774,mRarI,Exp1
2417,focus,11,50704,mRarI,Exp1
2418,blur,1079,1386457,mRarI,Exp1
2419,focus,1079,1399474,mRarI,Exp1
2420,blur,1079,1401116,mRarI,Exp1
2421,focus,1079,1568034,mRarI,Exp1
2422,blur,1079,1570808,mRarI,Exp1
2423,focus,1079,1641619,mRarI,Exp1
2424,fullscreenenter,0,10777,LBPHd,Exp1
2522,blur,0,1678,HgayM,Exp1
2523,focus,0,2970,HgayM,Exp1
2524,fullscreenenter,0,15337,HgayM,Exp1
2525,fullscreenenter,0,4325,pKoz9,Exp1
2526,focus,0,0,A8WPp,Exp1
2527,blur,0,0,A8WPp,Exp1
2528,focus,0,1512,A8WPp,Exp1
2529,fullscreenexit,0,12480,A8WPp,Exp1
2530,focus,0,0,YuIsp,Exp1
2531,blur,0,6963,YuIsp,Exp1
2532,focus,0,124663,YuIsp,Exp1
2533,fullscreenexit,0,134086,YuIsp,Exp1
2852,fullscreenenter,0,22261,O9Udf,Exp1
2853,blur,0,13131,o4rl9,Exp1
2854,focus,0,18143,o4rl9,Exp1
2855,fullscreenenter,0,26967,o4rl9,Exp1
2856,fullscreenenter,0,14094,vw1Wb,Exp1
2857,blur,0,0,oCeng,Exp1
2858,focus,0,1637,oCeng,Exp1
2859,fullscreenenter,0,4901,oCeng,Exp1
2860,fullscreenenter,0,13820,CzDFV,Exp1
2861,focus,0,0,CMpJs,Exp1
2862,blur,0,12762,CMpJs,Exp1
2863,focus,0,12868,CMpJs,Exp1
2864,blur,0,14599,CMpJs,Exp1
2865,focus,0,14727,CMpJs,Exp1
2866,blur,0,17696,CMpJs,Exp1
2867,focus,0,19084,CMpJs,Exp1
2868,blur,0,21319,CMpJs,Exp1
2869,focus,0,25444,CMpJs,Exp1
2870,fullscreenexit,0,33357,CMpJs,Exp1
2871,blur,751,1350382,CMpJs,Exp1
2872,focus,751,1350718,CMpJs,Exp1
2873,blur,752,1352125,CMpJs,Exp1
2874,focus,752,1352903,CMpJs,Exp1
2875,blur,753,1353276,CMpJs,Exp1
2876,focus,755,1356862,CMpJs,Exp1
2877,blur,1788,2401183,CMpJs,Exp1
2878,focus,1788,2403181,CMpJs,Exp1
2879,blur,1788,2404892,CMpJs,Exp1
2880,focus,1788,2408090,CMpJs,Exp1
2881,blur,1788,2409220,CMpJs,Exp1
2882,focus,1788,2425582,CMpJs,Exp1
2883,blur,1788,2437022,CMpJs,Exp1
2884,focus,1788,2613919,CMpJs,Exp1
2885,blur,1789,2621050,CMpJs,Exp1
2886,fullscreenenter,0,8252,tq3CA,Exp1
2887,fullscreenenter,0,12013,BxnWZ,Exp1
2888,fullscreenenter,0,6315,Xi1ER,Exp1
2889,blur,0,25861,azNOu,Exp1
2890,focus,0,31687,azNOu,Exp1
2891,fullscreenenter,0,34123,azNOu,Exp1
2892,blur,1799,3313811,azNOu,Exp1
2893,focus,1799,3344860,azNOu,Exp1
2894,blur,0,24675,WuiSU,Exp1
2895,focus,0,38463,WuiSU,Exp1
2896,blur,0,42066,WuiSU,Exp1
2897,focus,0,47423,WuiSU,Exp1
2898,blur,0,49930,WuiSU,Exp1
2899,focus,0,268967,WuiSU,Exp1
2900,blur,0,487213,WuiSU,Exp1
2901,focus,0,490198,WuiSU,Exp1
2902,fullscreenenter,0,491263,WuiSU,Exp1
2903,fullscreenexit,1274,4487493,WuiSU,Exp1
2904,blur,1274,4491407,WuiSU,Exp1
2905,focus,1274,4521597,WuiSU,Exp1
2906,blur,1467,4833879,WuiSU,Exp1
2907,focus,1467,4834661,WuiSU,Exp1
2908,blur,1467,4835527,WuiSU,Exp1
2909,focus,1467,4841123,WuiSU,Exp1
2910,blur,1769,5688960,WuiSU,Exp1
2911,focus,1769,5697021,WuiSU,Exp1
2912,blur,0,29,GDXdr,Exp1
2913,focus,0,1948,GDXdr,Exp1
2914,fullscreenenter,0,3055,GDXdr,Exp1
2915,fullscreenexit,1770,2293065,GDXdr,Exp1
2916,blur,1770,2294381,GDXdr,Exp1
2917,focus,1770,2298386,GDXdr,Exp1
2918,fullscreenenter,0,6506,Am7dh,Exp1
2919,blur,0,15268,5jaFQ,Exp1
2920,focus,0,38011,5jaFQ,Exp1
2921,fullscreenenter,0,38845,5jaFQ,Exp1
2922,fullscreenexit,1793,4168060,5jaFQ,Exp1
2923,blur,1793,4171018,5jaFQ,Exp1
2924,focus,1793,4180071,5jaFQ,Exp1
2925,blur,1793,4182396,5jaFQ,Exp1
2926,focus,1793,4190423,5jaFQ,Exp1
2927,fullscreenenter,0,20432,OM9WN,Exp1
2928,fullscreenexit,1811,7608234,OM9WN,Exp1
2929,blur,1811,7614186,OM9WN,Exp1
2930,focus,1811,7626325,OM9WN,Exp1
2931,focus,0,0,5y9oR,Exp1
2932,fullscreenexit,0,976396,5y9oR,Exp1
2933,fullscreenenter,0,33470,S80Fo,Exp1
2934,fullscreenexit,1776,2257224,S80Fo,Exp1
2935,fullscreenenter,0,6897,8dLtU,Exp1
2936,fullscreenexit,1754,3046182,8dLtU,Exp1
2937,blur,1754,3046193,8dLtU,Exp1
2938,focus,1754,3053012,8dLtU,Exp1
2939,fullscreenenter,0,8775,vM4nP,Exp1
