,event,trial,time,PID,version,phase
0,fullscreenenter,0,319834,cz2n8,V1,full_screen
1,fullscreenexit,1017,2164108,cz2n8,V1,
2,blur,0,0,hua4B,V1,full_screen
3,focus,0,0,hua4B,V1,full_screen
4,blur,0,0,hua4B,V1,full_screen
5,focus,0,0,hua4B,V1,full_screen
6,blur,0,0,hua4B,V1,full_screen
7,focus,0,0,hua4B,V1,full_screen
8,blur,0,0,hua4B,V1,full_screen
9,focus,0,0,hua4B,V1,full_screen
10,fullscreenenter,0,1529,hua4B,V1,full_screen
11,focus,0,0,ZbRrd,V1,full_screen
12,fullscreenexit,0,9178,ZbRrd,V1,full_screen
13,blur,433,903103,ZbRrd,V1,reward_learning
14,focus,433,903823,ZbRrd,V1,reward_learning
15,blur,916,1582198,ZbRrd,V1,memory_test
16,focus,916,1693594,ZbRrd,V1,memory_test
17,fullscreenenter,0,4171,KgZie,V1,full_screen
18,fullscreenenter,0,4860,wws6x,V1,full_screen
19,fullscreenexit,1,5912,wws6x,V1,rating
20,blur,64,136552,wws6x,V1,deliberation
21,focus,64,140336,wws6x,V1,deliberation
22,blur,65,163194,wws6x,V1,deliberation
23,focus,65,167768,wws6x,V1,deliberation
24,blur,71,197312,wws6x,V1,deliberation
25,focus,71,212900,wws6x,V1,deliberation
26,blur,75,218875,wws6x,V1,deliberation
27,focus,75,220946,wws6x,V1,deliberation
28,blur,91,237270,wws6x,V1,deliberation
29,focus,91,239534,wws6x,V1,deliberation
30,blur,95,245535,wws6x,V1,deliberation
31,focus,95,247349,wws6x,V1,deliberation
32,blur,99,252221,wws6x,V1,deliberation
33,focus,99,253758,wws6x,V1,deliberation
34,blur,191,370717,wws6x,V1,interference
35,focus,191,378884,wws6x,V1,interference
36,blur,198,391534,wws6x,V1,interference
37,focus,199,397994,wws6x,V1,interference
38,blur,256,457423,wws6x,V1,reward_learning
39,focus,256,459789,wws6x,V1,reward_learning
40,blur,256,482417,wws6x,V1,reward_learning
41,focus,256,487006,wws6x,V1,reward_learning
42,blur,478,772337,wws6x,V1,final_decisions
43,focus,478,774826,wws6x,V1,final_decisions
44,blur,807,1063987,wws6x,V1,final_decisions
45,focus,807,1085146,wws6x,V1,final_decisions
46,blur,1034,1366869,wws6x,V1,debreif_intro
47,focus,1034,1370981,wws6x,V1,debreif_intro
48,blur,1034,1374061,wws6x,V1,debreif_intro
49,focus,1034,1375452,wws6x,V1,debreif_intro
50,focus,0,0,Ky9p8,V1,full_screen
51,blur,0,0,Ky9p8,V1,full_screen
52,focus,0,0,Ky9p8,V1,full_screen
53,blur,0,16026,Ky9p8,V1,full_screen
54,focus,0,19443,Ky9p8,V1,full_screen
55,fullscreenenter,1,29587,Ky9p8,V1,rating
56,fullscreenenter,0,17652,vvHfd,V1,full_screen
57,blur,276,2384537,vvHfd,V1,reward_learning
58,focus,278,2440461,vvHfd,V1,reward_learning
59,blur,284,2459796,vvHfd,V1,reward_learning
60,focus,284,2462240,vvHfd,V1,reward_learning
61,fullscreenexit,1018,3517879,vvHfd,V1,debreif_intro
62,blur,1018,3524113,vvHfd,V1,debreif_intro
63,focus,1018,3532117,vvHfd,V1,debreif_intro
64,fullscreenenter,0,6264,4llS3,V1,full_screen
65,blur,0,4491,4xy5j,V1,full_screen
66,focus,0,9378,4xy5j,V1,full_screen
67,fullscreenenter,0,12571,4xy5j,V1,full_screen
68,fullscreenenter,0,10935,fy1KM,V1,full_screen
69,fullscreenexit,1,12854,fy1KM,V1,rating
70,blur,67,253652,fy1KM,V1,deliberation
71,focus,67,257002,fy1KM,V1,deliberation
72,blur,67,258064,fy1KM,V1,deliberation
73,focus,67,295791,fy1KM,V1,deliberation
74,blur,80,350291,fy1KM,V1,deliberation
75,focus,80,352324,fy1KM,V1,deliberation
76,blur,97,410798,fy1KM,V1,deliberation
77,focus,98,413961,fy1KM,V1,deliberation
78,blur,193,560797,fy1KM,V1,interference
79,focus,193,602827,fy1KM,V1,interference
80,blur,1040,1624840,fy1KM,V1,debreif_intro
81,focus,1040,1627921,fy1KM,V1,debreif_intro
82,blur,1041,1633372,fy1KM,V1,
83,blur,0,4845,Dq9Pw,V1,full_screen
84,focus,0,13466,Dq9Pw,V1,full_screen
85,fullscreenenter,0,18341,Dq9Pw,V1,full_screen
86,fullscreenexit,1041,3865804,Dq9Pw,V1,debreif_intro
87,blur,1041,3883361,Dq9Pw,V1,debreif_intro
88,focus,1041,3887767,Dq9Pw,V1,debreif_intro
89,fullscreenenter,0,2733,Ze2Oa,V1,full_screen
90,blur,0,11131,GlkbX,V1,full_screen
91,focus,0,11262,GlkbX,V1,full_screen
92,blur,0,11282,GlkbX,V1,full_screen
93,focus,0,21123,GlkbX,V1,full_screen
94,fullscreenenter,0,21292,GlkbX,V1,full_screen
95,blur,1033,1739067,GlkbX,V1,debreif_intro
96,focus,1033,1754449,GlkbX,V1,debreif_intro
97,fullscreenenter,0,12868,eMyXx,V1,full_screen
98,focus,0,0,35vSZ,V1,full_screen
99,fullscreenexit,0,8756,35vSZ,V1,full_screen
100,fullscreenexit,1014,2370571,35vSZ,V1,debreif_intro
101,blur,1014,2371748,35vSZ,V1,debreif_intro
102,focus,1014,2384464,35vSZ,V1,debreif_intro
103,fullscreenenter,0,3585,hdEFQ,V1,full_screen
104,fullscreenenter,0,20815,XXIcI,V1,full_screen
105,blur,155,1294603,XXIcI,V1,deliberation
106,focus,155,1302897,XXIcI,V1,deliberation
107,fullscreenexit,648,2234759,XXIcI,V1,final_decisions
108,blur,704,2296921,XXIcI,V1,final_decisions
109,focus,704,2346579,XXIcI,V1,final_decisions
110,blur,704,2348094,XXIcI,V1,final_decisions
111,focus,704,2422790,XXIcI,V1,final_decisions
112,blur,704,2424849,XXIcI,V1,final_decisions
113,focus,704,2455669,XXIcI,V1,final_decisions
114,blur,1032,2991686,XXIcI,V1,debreif_intro
115,focus,1032,3005162,XXIcI,V1,debreif_intro
116,blur,1033,3017972,XXIcI,V1,
117,blur,0,0,06o3b,V1,full_screen
118,focus,0,0,06o3b,V1,full_screen
119,fullscreenenter,0,21989,06o3b,V1,full_screen
120,fullscreenenter,0,8574,6dDMA,V1,full_screen
121,focus,0,9301,xzJUc,V1,full_screen
122,fullscreenenter,0,9422,xzJUc,V1,full_screen
123,blur,1028,1927618,xzJUc,V1,debreif_intro
124,focus,1028,1936526,xzJUc,V1,debreif_intro
125,blur,1028,1944268,xzJUc,V1,debreif_intro
126,focus,1028,1961054,xzJUc,V1,debreif_intro
129,fullscreenenter,0,1670,K6miT,V1,full_screen
130,blur,147,496594,K6miT,V1,deliberation
131,focus,147,496596,K6miT,V1,deliberation
132,blur,156,518177,K6miT,V1,deliberation
133,focus,156,518178,K6miT,V1,deliberation
134,blur,212,597029,K6miT,V1,interference
135,focus,212,597029,K6miT,V1,interference
136,blur,1062,1479810,K6miT,V1,debreif_intro
137,focus,1062,1493827,K6miT,V1,debreif_intro
138,blur,1065,1600519,K6miT,V1,debreif_intro
139,focus,1065,1615980,K6miT,V1,debreif_intro
140,blur,1069,1644176,K6miT,V1,debreif_intro
141,focus,1069,1669587,K6miT,V1,debreif_intro
142,fullscreenenter,0,7685,LUNSq,V1,full_screen
143,blur,0,0,G5sC6,V1,full_screen
144,focus,0,0,G5sC6,V1,full_screen
145,fullscreenenter,0,15216,G5sC6,V1,full_screen
146,blur,0,0,BwRKr,V1,full_screen
147,focus,0,0,BwRKr,V1,full_screen
148,blur,0,0,BwRKr,V1,full_screen
149,focus,0,0,BwRKr,V1,full_screen
150,blur,0,0,BwRKr,V1,full_screen
151,focus,0,0,BwRKr,V1,full_screen
152,blur,0,0,BwRKr,V1,full_screen
153,focus,0,73977,BwRKr,V1,full_screen
154,blur,0,84848,BwRKr,V1,full_screen
155,focus,0,86604,BwRKr,V1,full_screen
156,fullscreenenter,0,87609,BwRKr,V1,full_screen
157,blur,0,0,WUN51,V1,full_screen
158,focus,0,0,WUN51,V1,full_screen
159,fullscreenenter,0,9919,WUN51,V1,full_screen
160,fullscreenexit,3,25231,WUN51,V1,rating
161,blur,64,146657,WUN51,V1,deliberation
162,focus,64,148878,WUN51,V1,deliberation
163,blur,64,149225,WUN51,V1,deliberation
164,focus,64,153763,WUN51,V1,deliberation
165,blur,64,158320,WUN51,V1,deliberation
166,focus,64,160241,WUN51,V1,deliberation
167,blur,64,761784,WUN51,V1,deliberation
168,focus,64,950611,WUN51,V1,deliberation
169,blur,64,960113,WUN51,V1,deliberation
170,focus,64,962088,WUN51,V1,deliberation
171,blur,64,963119,WUN51,V1,deliberation
172,focus,64,963796,WUN51,V1,deliberation
173,blur,64,971029,WUN51,V1,deliberation
174,focus,64,972148,WUN51,V1,deliberation
175,blur,64,972344,WUN51,V1,deliberation
176,focus,64,975959,WUN51,V1,deliberation
177,blur,64,982672,WUN51,V1,deliberation
178,focus,64,995620,WUN51,V1,deliberation
179,blur,74,1029366,WUN51,V1,deliberation
180,focus,74,1030823,WUN51,V1,deliberation
181,blur,136,1159285,WUN51,V1,deliberation
182,focus,137,1163420,WUN51,V1,deliberation
183,blur,259,1373506,WUN51,V1,reward_learning
184,focus,259,1374575,WUN51,V1,reward_learning
185,blur,259,1374859,WUN51,V1,reward_learning
186,focus,259,1376662,WUN51,V1,reward_learning
187,blur,259,1377546,WUN51,V1,reward_learning
188,focus,259,1379382,WUN51,V1,reward_learning
189,blur,259,1387811,WUN51,V1,reward_learning
190,focus,259,1388740,WUN51,V1,reward_learning
191,blur,260,1407277,WUN51,V1,reward_learning
192,focus,260,1409718,WUN51,V1,reward_learning
193,blur,919,2044560,WUN51,V1,memory_test
194,focus,919,2046803,WUN51,V1,memory_test
195,blur,919,2047175,WUN51,V1,memory_test
196,focus,919,2048327,WUN51,V1,memory_test
197,blur,920,2541798,WUN51,V1,memory_test
198,focus,920,2542723,WUN51,V1,memory_test
199,blur,920,2543015,WUN51,V1,memory_test
200,focus,920,2548851,WUN51,V1,memory_test
201,blur,920,2552837,WUN51,V1,memory_test
202,focus,920,2554021,WUN51,V1,memory_test
203,blur,920,2555087,WUN51,V1,memory_test
204,focus,920,2560534,WUN51,V1,memory_test
205,blur,920,2561065,WUN51,V1,memory_test
206,focus,920,2576892,WUN51,V1,memory_test
207,blur,1041,2761400,WUN51,V1,debreif_intro
208,focus,1041,2763959,WUN51,V1,debreif_intro
209,blur,1042,2774831,WUN51,V1,
210,focus,1042,2775785,WUN51,V1,
211,fullscreenenter,0,5809,6IPcq,V1,full_screen
212,blur,337,944351,6IPcq,V1,reward_learning
213,focus,337,945725,6IPcq,V1,reward_learning
214,fullscreenexit,1042,1707328,6IPcq,V1,
215,blur,0,0,Pz1lX,V1,full_screen
216,focus,0,0,Pz1lX,V1,full_screen
217,blur,0,0,Pz1lX,V1,full_screen
218,focus,0,0,Pz1lX,V1,full_screen
219,blur,0,0,Pz1lX,V1,full_screen
220,focus,0,0,Pz1lX,V1,full_screen
221,blur,0,0,Pz1lX,V1,full_screen
222,focus,0,0,Pz1lX,V1,full_screen
223,blur,0,0,Pz1lX,V1,full_screen
224,focus,0,2826,Pz1lX,V1,full_screen
225,fullscreenenter,0,3027,Pz1lX,V1,full_screen
226,fullscreenexit,1055,2353596,Pz1lX,V1,debreif_intro
227,blur,1055,2358078,Pz1lX,V1,debreif_intro
228,focus,1055,2366301,Pz1lX,V1,debreif_intro
229,blur,1055,2370385,Pz1lX,V1,debreif_intro
230,focus,1055,2375072,Pz1lX,V1,debreif_intro
231,fullscreenenter,0,7085,vdu8d,V1,full_screen
232,fullscreenenter,0,9445,em9Pq,V1,full_screen
233,blur,114,1727050,em9Pq,V1,deliberation
234,focus,114,1756523,em9Pq,V1,deliberation
235,blur,0,0,JRaRD,V1,full_screen
236,focus,0,54328,JRaRD,V1,full_screen
237,blur,0,55047,JRaRD,V1,full_screen
238,focus,0,495568,JRaRD,V1,full_screen
239,blur,0,507166,JRaRD,V1,full_screen
240,focus,0,522988,JRaRD,V1,full_screen
241,blur,0,522988,JRaRD,V1,full_screen
242,focus,0,540150,JRaRD,V1,full_screen
243,fullscreenenter,0,541264,JRaRD,V1,full_screen
244,blur,59,734807,JRaRD,V1,rating
245,focus,59,737547,JRaRD,V1,rating
246,blur,61,742646,JRaRD,V1,rating
247,focus,61,744792,JRaRD,V1,rating
248,blur,88,1200920,JRaRD,V1,deliberation
249,focus,88,1202134,JRaRD,V1,deliberation
250,blur,479,3409536,JRaRD,V1,final_decisions
251,focus,479,3417054,JRaRD,V1,final_decisions
252,blur,1023,4079999,JRaRD,V1,debreif_intro
253,focus,1023,4092391,JRaRD,V1,debreif_intro
254,fullscreenenter,0,8342,r47C7,V1,full_screen
255,fullscreenenter,0,9383,ghIom,V1,full_screen
256,focus,0,0,UU8Iv,V1,full_screen
257,blur,0,0,UU8Iv,V1,full_screen
258,focus,0,76232,UU8Iv,V1,full_screen
259,fullscreenenter,0,76338,UU8Iv,V1,full_screen
260,blur,5,92506,UU8Iv,V1,rating
261,focus,5,121623,UU8Iv,V1,rating
262,blur,7,126316,UU8Iv,V1,rating
263,focus,7,130598,UU8Iv,V1,rating
264,blur,8,132532,UU8Iv,V1,rating
265,focus,8,402102,UU8Iv,V1,rating
266,blur,9,403811,UU8Iv,V1,rating
267,focus,9,487684,UU8Iv,V1,rating
268,blur,10,490230,UU8Iv,V1,rating
269,focus,10,496470,UU8Iv,V1,rating
270,blur,10,497846,UU8Iv,V1,rating
271,focus,10,499780,UU8Iv,V1,rating
272,blur,11,502476,UU8Iv,V1,rating
273,focus,11,534115,UU8Iv,V1,rating
274,blur,13,538125,UU8Iv,V1,rating
275,focus,13,550872,UU8Iv,V1,rating
276,blur,18,562999,UU8Iv,V1,rating
277,focus,18,566150,UU8Iv,V1,rating
278,blur,25,599735,UU8Iv,V1,rating
279,focus,25,602832,UU8Iv,V1,rating
280,blur,32,639500,UU8Iv,V1,rating
281,focus,32,649601,UU8Iv,V1,rating
282,blur,39,668444,UU8Iv,V1,rating
283,focus,39,687304,UU8Iv,V1,rating
284,blur,41,693207,UU8Iv,V1,rating
285,focus,41,706331,UU8Iv,V1,rating
286,blur,46,724520,UU8Iv,V1,rating
287,focus,46,728983,UU8Iv,V1,rating
288,blur,48,738315,UU8Iv,V1,rating
289,focus,48,774939,UU8Iv,V1,rating
290,blur,53,792760,UU8Iv,V1,rating
291,focus,53,804112,UU8Iv,V1,rating
292,blur,57,811978,UU8Iv,V1,rating
293,focus,57,844783,UU8Iv,V1,rating
294,blur,61,854915,UU8Iv,V1,rating
295,focus,61,876300,UU8Iv,V1,rating
296,blur,64,891195,UU8Iv,V1,deliberation
297,focus,64,902373,UU8Iv,V1,deliberation
298,blur,65,916418,UU8Iv,V1,deliberation
299,focus,65,925427,UU8Iv,V1,deliberation
300,blur,67,943735,UU8Iv,V1,deliberation
301,focus,67,977715,UU8Iv,V1,deliberation
302,blur,83,1008213,UU8Iv,V1,deliberation
303,focus,83,1009352,UU8Iv,V1,deliberation
304,blur,90,1027575,UU8Iv,V1,deliberation
305,focus,90,1035128,UU8Iv,V1,deliberation
306,blur,94,1045841,UU8Iv,V1,deliberation
307,focus,94,1047566,UU8Iv,V1,deliberation
308,blur,98,1061619,UU8Iv,V1,deliberation
309,focus,98,1072655,UU8Iv,V1,deliberation
310,blur,103,1091131,UU8Iv,V1,deliberation
311,focus,104,1101599,UU8Iv,V1,deliberation
312,blur,116,1130469,UU8Iv,V1,deliberation
313,focus,116,1172615,UU8Iv,V1,deliberation
314,blur,145,1226935,UU8Iv,V1,deliberation
315,focus,145,1228728,UU8Iv,V1,deliberation
316,blur,147,1231767,UU8Iv,V1,deliberation
317,focus,147,1232986,UU8Iv,V1,deliberation
318,blur,147,1235951,UU8Iv,V1,deliberation
319,focus,147,1248037,UU8Iv,V1,deliberation
320,blur,159,1275736,UU8Iv,V1,deliberation
321,focus,159,1316529,UU8Iv,V1,deliberation
322,blur,206,1380727,UU8Iv,V1,interference
323,focus,206,1441005,UU8Iv,V1,interference
324,blur,433,1727242,UU8Iv,V1,reward_learning
325,focus,433,1727376,UU8Iv,V1,reward_learning
326,blur,435,1730278,UU8Iv,V1,reward_learning
327,focus,437,1732501,UU8Iv,V1,reward_learning
328,blur,446,1742573,UU8Iv,V1,reward_learning
329,focus,446,1743516,UU8Iv,V1,reward_learning
330,blur,448,1745984,UU8Iv,V1,reward_learning
331,focus,448,1746556,UU8Iv,V1,reward_learning
332,blur,814,2088105,UU8Iv,V1,final_decisions
333,focus,814,2088917,UU8Iv,V1,final_decisions
334,blur,814,2090380,UU8Iv,V1,final_decisions
335,focus,814,2121300,UU8Iv,V1,final_decisions
336,blur,981,2238305,UU8Iv,V1,memory_test
337,focus,981,2268754,UU8Iv,V1,memory_test
338,blur,1046,2349565,UU8Iv,V1,
339,focus,1046,2350268,UU8Iv,V1,
340,blur,0,0,uNBH0,V1,full_screen
341,focus,0,950,uNBH0,V1,full_screen
342,fullscreenenter,0,4649,uNBH0,V1,full_screen
343,fullscreenexit,1,7344,uNBH0,V1,rating
344,blur,1,10794,uNBH0,V1,rating
345,focus,1,15996,uNBH0,V1,rating
346,blur,64,197999,uNBH0,V1,deliberation
347,focus,64,201197,uNBH0,V1,deliberation
348,blur,190,436826,uNBH0,V1,interference
349,focus,190,448348,uNBH0,V1,interference
350,blur,808,1137092,uNBH0,V1,final_decisions
351,focus,808,1162514,uNBH0,V1,final_decisions
352,blur,1052,1427947,uNBH0,V1,debreif_intro
353,focus,1052,1440327,uNBH0,V1,debreif_intro
354,focus,0,0,Ql1sb,V1,full_screen
355,blur,0,15328,Ql1sb,V1,full_screen
356,focus,0,17237,Ql1sb,V1,full_screen
357,fullscreenexit,0,20638,Ql1sb,V1,full_screen
358,fullscreenexit,1019,2027714,Ql1sb,V1,debreif_intro
359,blur,1019,2032200,Ql1sb,V1,debreif_intro
360,focus,1019,2033075,Ql1sb,V1,debreif_intro
361,blur,1019,2034306,Ql1sb,V1,debreif_intro
362,focus,1019,2042375,Ql1sb,V1,debreif_intro
363,fullscreenenter,0,8981,6IT9m,V1,full_screen
364,blur,0,99182,aFaSz,V1,full_screen
365,focus,0,100363,aFaSz,V1,full_screen
366,fullscreenenter,0,105703,aFaSz,V1,full_screen
367,blur,34,310728,aFaSz,V1,rating
368,focus,34,316740,aFaSz,V1,rating
369,blur,39,336698,aFaSz,V1,rating
370,focus,39,338856,aFaSz,V1,rating
371,blur,48,372908,aFaSz,V1,rating
372,focus,48,374751,aFaSz,V1,rating
373,blur,49,378081,aFaSz,V1,rating
374,focus,49,385443,aFaSz,V1,rating
375,blur,50,387892,aFaSz,V1,rating
376,focus,50,388069,aFaSz,V1,rating
377,blur,407,1137591,aFaSz,V1,reward_learning
378,focus,407,1156390,aFaSz,V1,reward_learning
379,blur,701,1558150,aFaSz,V1,final_decisions
380,focus,701,1578153,aFaSz,V1,final_decisions
381,blur,919,1997568,aFaSz,V1,memory_test
382,focus,919,2007752,aFaSz,V1,memory_test
383,fullscreenexit,1033,2236343,aFaSz,V1,debreif_intro
384,blur,1033,2239990,aFaSz,V1,debreif_intro
385,focus,1033,2242501,aFaSz,V1,debreif_intro
386,blur,1033,2249092,aFaSz,V1,debreif_intro
387,focus,1033,2254701,aFaSz,V1,debreif_intro
388,fullscreenenter,0,4734,FoGen,V1,full_screen
389,blur,0,9231,PeMBY,V1,full_screen
390,focus,0,12318,PeMBY,V1,full_screen
391,fullscreenenter,0,14176,PeMBY,V1,full_screen
392,fullscreenenter,0,115406,8Lifh,V1,full_screen
393,fullscreenexit,24,972044,8Lifh,V1,rating
394,blur,64,1740131,8Lifh,V1,deliberation
395,focus,64,1747913,8Lifh,V1,deliberation
396,blur,137,2132795,8Lifh,V1,deliberation
397,focus,147,2180886,8Lifh,V1,deliberation
398,blur,153,2196979,8Lifh,V1,deliberation
399,focus,154,2202631,8Lifh,V1,deliberation
400,blur,162,2335448,8Lifh,V1,deliberation
401,focus,172,2392218,8Lifh,V1,deliberation
402,blur,263,2635925,8Lifh,V1,interference
403,focus,263,2671859,8Lifh,V1,interference
404,blur,263,2673169,8Lifh,V1,interference
405,focus,263,3488892,8Lifh,V1,interference
406,blur,513,3910198,8Lifh,V1,final_decisions
407,focus,513,3912898,8Lifh,V1,final_decisions
408,blur,1059,4396958,8Lifh,V1,debreif_intro
409,focus,1059,4398571,8Lifh,V1,debreif_intro
410,blur,1062,4425990,8Lifh,V1,debreif_intro
411,focus,1062,4433501,8Lifh,V1,debreif_intro
412,blur,1063,4439125,8Lifh,V1,
413,blur,0,0,OZSVZ,V1,full_screen
414,focus,0,1803,OZSVZ,V1,full_screen
415,fullscreenenter,0,9019,OZSVZ,V1,full_screen
416,blur,1038,1655684,OZSVZ,V1,debreif_intro
417,focus,1038,1658725,OZSVZ,V1,debreif_intro
418,fullscreenenter,0,14308,NaeEP,V1,full_screen
419,focus,0,0,qnqjP,V1,full_screen
420,fullscreenexit,0,6572,qnqjP,V1,full_screen
421,blur,85,287127,qnqjP,V1,deliberation
422,focus,85,323714,qnqjP,V1,deliberation
423,fullscreenenter,0,8292,VRvOM,V1,full_screen
424,blur,0,0,JXh5i,V1,full_screen
425,focus,0,0,JXh5i,V1,full_screen
426,fullscreenenter,0,11590,JXh5i,V1,full_screen
427,fullscreenenter,0,3287,aVwgX,V1,full_screen
428,blur,0,0,rcrii,V1,full_screen
429,focus,0,0,rcrii,V1,full_screen
430,fullscreenenter,0,8874,rcrii,V1,full_screen
431,fullscreenenter,0,3197,KPrHD,V1,full_screen
432,blur,0,11873,5AfPg,V1,full_screen
433,focus,0,15381,5AfPg,V1,full_screen
434,fullscreenenter,0,16591,5AfPg,V1,full_screen
435,fullscreenexit,21,147893,5AfPg,V1,rating
436,blur,21,148858,5AfPg,V1,rating
437,focus,21,191770,5AfPg,V1,rating
438,blur,54,372106,5AfPg,V1,rating
439,focus,54,388352,5AfPg,V1,rating
440,blur,64,524854,5AfPg,V1,deliberation
441,focus,64,536349,5AfPg,V1,deliberation
442,blur,100,734182,5AfPg,V1,deliberation
443,focus,100,771727,5AfPg,V1,deliberation
444,blur,114,822444,5AfPg,V1,deliberation
445,focus,114,857090,5AfPg,V1,deliberation
446,blur,139,1010979,5AfPg,V1,deliberation
447,focus,141,1014553,5AfPg,V1,deliberation
448,blur,155,1080298,5AfPg,V1,deliberation
449,focus,155,1082606,5AfPg,V1,deliberation
450,blur,155,1082896,5AfPg,V1,deliberation
451,focus,155,1083681,5AfPg,V1,deliberation
452,blur,155,1084101,5AfPg,V1,deliberation
453,focus,155,1091490,5AfPg,V1,deliberation
454,blur,155,1091700,5AfPg,V1,deliberation
455,focus,155,1139292,5AfPg,V1,deliberation
456,blur,193,1208587,5AfPg,V1,interference
457,focus,193,1212880,5AfPg,V1,interference
458,blur,203,1291083,5AfPg,V1,interference
459,focus,203,1294397,5AfPg,V1,interference
460,blur,236,1423243,5AfPg,V1,interference
461,focus,236,1506392,5AfPg,V1,interference
462,blur,485,1878141,5AfPg,V1,final_decisions
463,focus,485,1882178,5AfPg,V1,final_decisions
464,blur,485,1882965,5AfPg,V1,final_decisions
465,focus,485,1894628,5AfPg,V1,final_decisions
466,blur,485,1906685,5AfPg,V1,final_decisions
467,focus,485,1975408,5AfPg,V1,final_decisions
468,blur,1031,2762694,5AfPg,V1,debreif_intro
469,focus,1031,2775091,5AfPg,V1,debreif_intro
470,blur,1033,2810952,5AfPg,V1,debreif_intro
471,focus,1033,2817186,5AfPg,V1,debreif_intro
472,fullscreenenter,0,40237,GuL6h,V1,full_screen
473,fullscreenenter,0,13597,yzilp,V1,full_screen
474,blur,478,1276762,yzilp,V1,final_decisions
475,focus,478,1362353,yzilp,V1,final_decisions
476,blur,916,1735989,yzilp,V1,memory_test
477,focus,916,1739208,yzilp,V1,memory_test
478,fullscreenenter,0,7690,viZGV,V1,full_screen
479,blur,0,1534,s9DZu,V1,full_screen
480,focus,0,6557,s9DZu,V1,full_screen
481,fullscreenenter,0,16061,s9DZu,V1,full_screen
482,fullscreenexit,190,460847,s9DZu,V1,interference
483,blur,190,462656,s9DZu,V1,interference
484,focus,190,471189,s9DZu,V1,interference
485,blur,340,786439,s9DZu,V1,reward_learning
486,focus,340,798032,s9DZu,V1,reward_learning
487,blur,487,980343,s9DZu,V1,final_decisions
488,focus,487,989149,s9DZu,V1,final_decisions
489,blur,925,1381674,s9DZu,V1,memory_test
490,focus,925,1386968,s9DZu,V1,memory_test
491,blur,1023,1582499,s9DZu,V1,debreif_intro
492,focus,1023,1584426,s9DZu,V1,debreif_intro
493,blur,0,11362,CVYYW,V1,full_screen
494,focus,0,13321,CVYYW,V1,full_screen
495,fullscreenenter,0,14218,CVYYW,V1,full_screen
496,fullscreenenter,0,12236,I2664,V1,full_screen
497,blur,0,0,ntwxN,V1,full_screen
498,focus,0,0,ntwxN,V1,full_screen
499,fullscreenenter,0,6193,ntwxN,V1,full_screen
500,fullscreenenter,0,5084,0au00,V1,full_screen
501,fullscreenexit,1017,1521168,0au00,V1,memory_test
502,fullscreenenter,0,8178,icC9x,V1,full_screen
503,blur,0,0,Kx4Qh,V1,full_screen
504,focus,0,0,Kx4Qh,V1,full_screen
505,blur,0,0,Kx4Qh,V1,full_screen
506,focus,0,0,Kx4Qh,V1,full_screen
507,blur,0,0,Kx4Qh,V1,full_screen
508,focus,0,0,Kx4Qh,V1,full_screen
509,blur,0,0,Kx4Qh,V1,full_screen
510,focus,0,0,Kx4Qh,V1,full_screen
511,blur,0,0,Kx4Qh,V1,full_screen
512,focus,0,0,Kx4Qh,V1,full_screen
513,blur,0,0,Kx4Qh,V1,full_screen
514,focus,0,0,Kx4Qh,V1,full_screen
515,focus,0,0,vk7bM,V1,full_screen
516,blur,0,0,vk7bM,V1,full_screen
517,focus,0,0,vk7bM,V1,full_screen
518,fullscreenenter,0,30800,vk7bM,V1,full_screen
519,fullscreenexit,882,2469347,vk7bM,V1,final_decisions
520,fullscreenenter,0,8821,SSqcE,V1,full_screen
521,fullscreenenter,0,5072,hBnSx,V1,full_screen
522,fullscreenexit,1026,1583839,hBnSx,V1,debreif_intro
523,blur,1026,1585690,hBnSx,V1,debreif_intro
524,focus,1026,1594056,hBnSx,V1,debreif_intro
530,focus,0,0,6NBxI,V1,full_screen
531,fullscreenexit,0,6547,6NBxI,V1,full_screen
532,focus,0,0,c3qx7,V1,full_screen
533,blur,0,11806,c3qx7,V1,full_screen
534,focus,0,17455,c3qx7,V1,full_screen
535,fullscreenexit,0,26493,c3qx7,V1,full_screen
536,fullscreenenter,0,6751,uyN4i,V1,full_screen
537,fullscreenexit,999,1571054,uyN4i,V1,memory_test
538,blur,1026,1589093,uyN4i,V1,debreif_intro
539,focus,1026,1606176,uyN4i,V1,debreif_intro
540,blur,1039,1724726,uyN4i,V1,debreif_intro
541,focus,1039,1733775,uyN4i,V1,debreif_intro
542,blur,0,0,tSAyb,V1,full_screen
543,focus,0,3476,tSAyb,V1,full_screen
544,fullscreenenter,0,11871,tSAyb,V1,full_screen
545,blur,0,7630,f6K6e,V1,full_screen
546,focus,0,12906,f6K6e,V1,full_screen
547,fullscreenenter,0,24179,f6K6e,V1,full_screen
548,blur,0,15139,mTiCV,V1,full_screen
549,focus,0,15971,mTiCV,V1,full_screen
550,fullscreenenter,0,17553,mTiCV,V1,full_screen
551,blur,0,0,PgLs5,V1,full_screen
552,focus,0,0,PgLs5,V1,full_screen
553,fullscreenenter,0,134067,PgLs5,V1,full_screen
554,blur,930,1759168,PgLs5,V1,memory_test
555,focus,930,1768683,PgLs5,V1,memory_test
556,blur,1025,1981930,PgLs5,V1,
557,blur,0,0,1W5Bp,V1,full_screen
558,focus,0,398,1W5Bp,V1,full_screen
559,fullscreenenter,0,6314,1W5Bp,V1,full_screen
560,fullscreenenter,0,11852,OwQ4s,V1,full_screen
561,fullscreenenter,0,11388,rLxNZ,V1,full_screen
562,fullscreenenter,0,62025,lktnl,V1,full_screen
563,fullscreenexit,461,2339935,lktnl,V1,reward_learning
564,blur,465,2344763,lktnl,V1,reward_learning
565,focus,466,2348966,lktnl,V1,reward_learning
566,blur,468,2352049,lktnl,V1,reward_learning
567,focus,469,2358585,lktnl,V1,reward_learning
568,blur,471,2361238,lktnl,V1,reward_learning
569,focus,472,2368531,lktnl,V1,reward_learning
570,blur,474,2371711,lktnl,V1,reward_learning
571,focus,475,2380155,lktnl,V1,reward_learning
572,blur,476,2382563,lktnl,V1,reward_learning
573,focus,477,2384444,lktnl,V1,reward_learning
574,blur,698,2598617,lktnl,V1,final_decisions
575,focus,698,2621525,lktnl,V1,final_decisions
576,blur,698,2622920,lktnl,V1,final_decisions
577,focus,698,2792051,lktnl,V1,final_decisions
578,blur,807,2878508,lktnl,V1,final_decisions
579,focus,807,2928988,lktnl,V1,final_decisions
580,blur,916,3025328,lktnl,V1,memory_test
581,focus,916,3064250,lktnl,V1,memory_test
582,blur,1034,3244338,lktnl,V1,debreif_intro
583,focus,1034,3255081,lktnl,V1,debreif_intro
584,focus,0,0,DyHLP,V1,full_screen
585,blur,0,163212,DyHLP,V1,full_screen
586,focus,0,166078,DyHLP,V1,full_screen
587,blur,0,167785,DyHLP,V1,full_screen
588,focus,0,217250,DyHLP,V1,full_screen
589,blur,0,218790,DyHLP,V1,full_screen
590,focus,0,316596,DyHLP,V1,full_screen
591,blur,0,317883,DyHLP,V1,full_screen
592,focus,0,684065,DyHLP,V1,full_screen
593,fullscreenexit,0,686015,DyHLP,V1,full_screen
594,blur,0,0,OKSBe,V1,full_screen
595,focus,0,450,OKSBe,V1,full_screen
596,blur,0,7848,OKSBe,V1,full_screen
597,focus,0,334577,OKSBe,V1,full_screen
598,blur,0,336160,OKSBe,V1,full_screen
599,focus,0,351331,OKSBe,V1,full_screen
600,blur,0,363272,OKSBe,V1,full_screen
601,focus,0,846250,OKSBe,V1,full_screen
602,fullscreenenter,0,847393,OKSBe,V1,full_screen
603,fullscreenexit,61,1014066,OKSBe,V1,rating
604,blur,61,1016768,OKSBe,V1,rating
605,focus,61,1059457,OKSBe,V1,rating
606,blur,63,1064994,OKSBe,V1,rating
607,focus,63,1073721,OKSBe,V1,rating
608,blur,64,1104513,OKSBe,V1,deliberation
609,focus,64,1218884,OKSBe,V1,deliberation
610,blur,192,1474396,OKSBe,V1,interference
611,focus,192,1495585,OKSBe,V1,interference
612,blur,404,1859483,OKSBe,V1,reward_learning
613,focus,404,1859833,OKSBe,V1,reward_learning
614,blur,404,1869139,OKSBe,V1,reward_learning
615,focus,404,1896925,OKSBe,V1,reward_learning
616,blur,404,1896929,OKSBe,V1,reward_learning
617,focus,404,1898954,OKSBe,V1,reward_learning
618,blur,404,1899654,OKSBe,V1,reward_learning
619,focus,404,1900284,OKSBe,V1,reward_learning
620,blur,404,1900834,OKSBe,V1,reward_learning
621,focus,404,1942079,OKSBe,V1,reward_learning
622,blur,479,2044870,OKSBe,V1,final_decisions
623,focus,479,2267183,OKSBe,V1,final_decisions
624,blur,479,2268003,OKSBe,V1,final_decisions
625,focus,479,2426945,OKSBe,V1,final_decisions
626,blur,479,2427718,OKSBe,V1,final_decisions
627,focus,479,2435469,OKSBe,V1,final_decisions
628,blur,479,2453101,OKSBe,V1,final_decisions
629,focus,479,2542833,OKSBe,V1,final_decisions
630,blur,515,2586592,OKSBe,V1,final_decisions
631,focus,516,2587089,OKSBe,V1,final_decisions
632,blur,590,2640067,OKSBe,V1,final_decisions
633,focus,590,2641296,OKSBe,V1,final_decisions
634,blur,590,2641301,OKSBe,V1,final_decisions
635,focus,590,2670687,OKSBe,V1,final_decisions
636,blur,590,2672178,OKSBe,V1,final_decisions
637,focus,590,2674115,OKSBe,V1,final_decisions
638,blur,699,2749192,OKSBe,V1,final_decisions
639,focus,699,2798223,OKSBe,V1,final_decisions
640,blur,990,3020337,OKSBe,V1,memory_test
641,focus,990,3020528,OKSBe,V1,memory_test
642,blur,1016,3040249,OKSBe,V1,debreif_intro
643,focus,1016,3053996,OKSBe,V1,debreif_intro
644,blur,1018,3066548,OKSBe,V1,debreif_intro
645,focus,1018,3070850,OKSBe,V1,debreif_intro
646,blur,1020,3075573,OKSBe,V1,debreif_intro
647,focus,1020,3077476,OKSBe,V1,debreif_intro
648,blur,1029,3137317,OKSBe,V1,debreif_intro
649,focus,1029,3142221,OKSBe,V1,debreif_intro
650,blur,0,0,BZQe3,V1,full_screen
651,focus,0,0,BZQe3,V1,full_screen
652,blur,0,434,BZQe3,V1,full_screen
653,focus,0,1562,BZQe3,V1,full_screen
654,fullscreenenter,0,4555,BZQe3,V1,full_screen
655,fullscreenexit,150,265547,BZQe3,V1,deliberation
656,blur,150,267451,BZQe3,V1,deliberation
657,focus,150,270462,BZQe3,V1,deliberation
658,blur,1019,1198595,BZQe3,V1,debreif_intro
659,focus,1019,1204934,BZQe3,V1,debreif_intro
660,blur,0,1242,IVM93,V1,full_screen
661,focus,0,2721,IVM93,V1,full_screen
662,fullscreenenter,0,33230,IVM93,V1,full_screen
663,blur,0,1973,aOuee,V1,full_screen
664,focus,0,3454,aOuee,V1,full_screen
665,blur,0,4360,aOuee,V1,full_screen
666,focus,0,17582,aOuee,V1,full_screen
667,fullscreenenter,0,26313,aOuee,V1,full_screen
668,fullscreenexit,1021,1857214,aOuee,V1,debreif_intro
669,blur,1021,1857956,aOuee,V1,debreif_intro
670,focus,1021,1861342,aOuee,V1,debreif_intro
671,blur,0,0,ARlDu,V1,full_screen
672,focus,0,0,ARlDu,V1,full_screen
673,blur,0,0,ARlDu,V1,full_screen
674,focus,0,0,ARlDu,V1,full_screen
675,fullscreenenter,0,19166,ARlDu,V1,full_screen
676,fullscreenenter,0,8150,7DxUX,V1,full_screen
677,fullscreenenter,0,9294,N8OXC,V1,full_screen
678,fullscreenenter,0,13671,fox3f,V1,full_screen
679,focus,0,0,ZpokS,V1,full_screen
680,fullscreenexit,0,24945,ZpokS,V1,full_screen
681,blur,0,841,sHdCP,V1,full_screen
682,focus,0,4107,sHdCP,V1,full_screen
683,fullscreenenter,0,11917,sHdCP,V1,full_screen
684,fullscreenenter,0,6057,0Zwdb,V1,full_screen
685,fullscreenenter,0,8056,qkwlL,V1,full_screen
686,fullscreenexit,1027,3160496,qkwlL,V1,debreif_intro
687,blur,1027,3168176,qkwlL,V1,debreif_intro
688,focus,1027,3173723,qkwlL,V1,debreif_intro
690,fullscreenenter,0,10761,VXjQe,V1,full_screen
691,fullscreenexit,1033,2308090,VXjQe,V1,debreif_intro
692,blur,1033,2309309,VXjQe,V1,debreif_intro
693,focus,1033,2314297,VXjQe,V1,debreif_intro
694,fullscreenenter,0,1765,nD3lS,V1,full_screen
695,fullscreenexit,49,523239,nD3lS,V1,rating
696,blur,49,526972,nD3lS,V1,rating
697,focus,49,527768,nD3lS,V1,rating
698,blur,49,528551,nD3lS,V1,rating
699,focus,49,542531,nD3lS,V1,rating
700,blur,50,548525,nD3lS,V1,rating
701,focus,50,557197,nD3lS,V1,rating
702,blur,51,562243,nD3lS,V1,rating
703,focus,51,564084,nD3lS,V1,rating
704,blur,52,569135,nD3lS,V1,rating
705,focus,52,576723,nD3lS,V1,rating
706,blur,54,584239,nD3lS,V1,rating
707,focus,54,588888,nD3lS,V1,rating
708,blur,55,592484,nD3lS,V1,rating
709,focus,55,596942,nD3lS,V1,rating
710,blur,56,599978,nD3lS,V1,rating
711,focus,56,601324,nD3lS,V1,rating
712,blur,57,604283,nD3lS,V1,rating
713,focus,57,610021,nD3lS,V1,rating
714,blur,57,614087,nD3lS,V1,rating
715,focus,57,618937,nD3lS,V1,rating
716,blur,60,642743,nD3lS,V1,rating
717,focus,60,644039,nD3lS,V1,rating
718,blur,61,654195,nD3lS,V1,rating
719,focus,61,655728,nD3lS,V1,rating
720,blur,61,658752,nD3lS,V1,rating
721,focus,61,663259,nD3lS,V1,rating
722,blur,89,857688,nD3lS,V1,deliberation
723,focus,89,860308,nD3lS,V1,deliberation
724,blur,91,864245,nD3lS,V1,deliberation
725,focus,91,866818,nD3lS,V1,deliberation
726,blur,93,898349,nD3lS,V1,deliberation
727,focus,93,900998,nD3lS,V1,deliberation
728,blur,139,1049211,nD3lS,V1,deliberation
729,focus,140,1057470,nD3lS,V1,deliberation
730,blur,484,1682868,nD3lS,V1,final_decisions
731,focus,484,1684578,nD3lS,V1,final_decisions
732,blur,484,1693522,nD3lS,V1,final_decisions
733,focus,484,1694928,nD3lS,V1,final_decisions
734,blur,922,2103737,nD3lS,V1,memory_test
735,focus,922,2105390,nD3lS,V1,memory_test
736,blur,1030,2311887,nD3lS,V1,debreif_intro
737,focus,1030,2320722,nD3lS,V1,debreif_intro
738,blur,1031,2327867,nD3lS,V1,
740,fullscreenenter,0,8021,CDRCj,V1,full_screen
741,blur,1,18203,CDRCj,V1,rating
742,focus,1,20156,CDRCj,V1,rating
743,blur,64,275582,CDRCj,V1,deliberation
744,focus,64,283347,CDRCj,V1,deliberation
745,blur,64,305155,CDRCj,V1,deliberation
746,focus,64,306535,CDRCj,V1,deliberation
747,blur,256,911268,CDRCj,V1,reward_learning
748,focus,256,912705,CDRCj,V1,reward_learning
749,blur,256,928964,CDRCj,V1,reward_learning
750,focus,256,930924,CDRCj,V1,reward_learning
751,blur,422,1161230,CDRCj,V1,reward_learning
752,focus,423,1161873,CDRCj,V1,reward_learning
753,blur,478,1229029,CDRCj,V1,final_decisions
754,focus,478,1229181,CDRCj,V1,final_decisions
755,blur,478,1231677,CDRCj,V1,final_decisions
756,focus,478,1236172,CDRCj,V1,final_decisions
757,blur,478,1251086,CDRCj,V1,final_decisions
758,focus,478,1253342,CDRCj,V1,final_decisions
759,blur,479,1263900,CDRCj,V1,final_decisions
760,focus,479,1266902,CDRCj,V1,final_decisions
761,blur,916,2190575,CDRCj,V1,memory_test
762,focus,916,2190651,CDRCj,V1,memory_test
763,blur,916,2191327,CDRCj,V1,memory_test
764,focus,916,2194642,CDRCj,V1,memory_test
765,blur,917,2227408,CDRCj,V1,memory_test
766,focus,917,2231034,CDRCj,V1,memory_test
767,blur,1034,2412727,CDRCj,V1,debreif_intro
768,fullscreenexit,1034,2414213,CDRCj,V1,debreif_intro
769,focus,1034,2415233,CDRCj,V1,debreif_intro
770,blur,1034,2415234,CDRCj,V1,debreif_intro
771,focus,1034,2421649,CDRCj,V1,debreif_intro
772,blur,1034,2425687,CDRCj,V1,debreif_intro
773,focus,1034,2428619,CDRCj,V1,debreif_intro
774,blur,1034,2428624,CDRCj,V1,debreif_intro
775,focus,1034,2450525,CDRCj,V1,debreif_intro
776,blur,1034,2458861,CDRCj,V1,debreif_intro
777,focus,1034,2460575,CDRCj,V1,debreif_intro
778,fullscreenenter,0,1112,S5lJ6,V1,full_screen
779,blur,15,70060,S5lJ6,V1,rating
780,focus,15,91496,S5lJ6,V1,rating
781,blur,38,154620,S5lJ6,V1,rating
782,focus,38,160346,S5lJ6,V1,rating
783,blur,58,210025,S5lJ6,V1,rating
784,focus,58,242342,S5lJ6,V1,rating
785,blur,155,1037905,S5lJ6,V1,deliberation
786,focus,155,1058316,S5lJ6,V1,deliberation
787,blur,200,1171907,S5lJ6,V1,interference
788,focus,200,1173470,S5lJ6,V1,interference
789,blur,346,1453375,S5lJ6,V1,reward_learning
790,focus,347,1455320,S5lJ6,V1,reward_learning
791,blur,707,1816077,S5lJ6,V1,final_decisions
792,focus,707,1830665,S5lJ6,V1,final_decisions
793,focus,0,0,IDAjV,V1,full_screen
794,blur,0,0,IDAjV,V1,full_screen
795,focus,0,0,IDAjV,V1,full_screen
796,blur,0,0,IDAjV,V1,full_screen
797,focus,0,10863,IDAjV,V1,full_screen
798,blur,0,19562,IDAjV,V1,full_screen
799,focus,0,47462,IDAjV,V1,full_screen
800,fullscreenexit,0,49339,IDAjV,V1,full_screen
801,blur,216,887338,IDAjV,V1,interference
802,focus,217,890079,IDAjV,V1,interference
803,blur,230,917486,IDAjV,V1,interference
804,focus,231,918150,IDAjV,V1,interference
805,blur,1033,1972936,IDAjV,V1,debreif_intro
806,focus,1033,1973189,IDAjV,V1,debreif_intro
807,fullscreenexit,1033,1973341,IDAjV,V1,debreif_intro
808,blur,1033,1974513,IDAjV,V1,debreif_intro
809,focus,1033,1978638,IDAjV,V1,debreif_intro
810,blur,1034,1986325,IDAjV,V1,
811,focus,1034,1987956,IDAjV,V1,
812,fullscreenenter,0,1532,VIK7A,V1,full_screen
813,blur,1035,1614873,VIK7A,V1,
814,focus,1035,1615988,VIK7A,V1,
815,fullscreenenter,0,11706,59tg8,V1,full_screen
816,fullscreenenter,0,11677,eGaxL,V1,full_screen
817,blur,0,0,NtP4V,V1,full_screen
818,focus,0,203087,NtP4V,V1,full_screen
819,fullscreenenter,0,203102,NtP4V,V1,full_screen
820,fullscreenenter,0,11854,UmcnU,V1,full_screen
821,blur,0,10124,OvCTN,V1,full_screen
822,focus,0,21229,OvCTN,V1,full_screen
823,fullscreenenter,0,25796,OvCTN,V1,full_screen
824,blur,0,15719,bOPuu,V1,full_screen
825,focus,0,23583,bOPuu,V1,full_screen
826,blur,0,24220,bOPuu,V1,full_screen
827,focus,0,27771,bOPuu,V1,full_screen
828,fullscreenenter,0,30340,bOPuu,V1,full_screen
829,fullscreenenter,0,9477,skpJF,V1,full_screen
830,focus,0,0,MlgU9,V1,full_screen
831,fullscreenexit,0,8662,MlgU9,V1,full_screen
832,blur,1,13439,MlgU9,V1,rating
833,focus,1,13440,MlgU9,V1,rating
834,blur,1,13942,MlgU9,V1,rating
835,focus,1,13945,MlgU9,V1,rating
836,blur,1045,1747889,MlgU9,V1,debreif_intro
837,focus,1045,1749404,MlgU9,V1,debreif_intro
838,blur,1045,1749732,MlgU9,V1,debreif_intro
839,focus,1045,1751549,MlgU9,V1,debreif_intro
840,blur,0,5560,Pj09s,V1,full_screen
841,focus,0,7781,Pj09s,V1,full_screen
842,fullscreenenter,0,8770,Pj09s,V1,full_screen
843,fullscreenexit,1026,1496720,Pj09s,V1,debreif_intro
844,blur,1026,1497585,Pj09s,V1,debreif_intro
845,focus,1026,1505015,Pj09s,V1,debreif_intro
846,blur,1027,1511261,Pj09s,V1,
